artist,album,saved_album,liked_tracks,spotify_uri
020whitton,thinkin bout u (feat. Tia Gordon),,1,
21 Savage,i am > i was,,1,
2nd Exit,Tangent,yes,0,spotify:album:6q1yofWZD3239cGKadlvdf
2XM,The Magic in Her Eyes,,1,
30/70,Cold Radish Coma,yes,15,spotify:album:4ZdX4rd1k3eqdsTNxqIC0t
30/70,Elevate,yes,8,spotify:album:0Uqhx7ZTWRZrvArPKGFufD
30/70,Elevations,yes,6,spotify:album:07FZ3l8ZUfkGTBbKtufGfI
420,420 Sampler,,1,
44th Move,44th Move,yes,0,spotify:album:1HH0AI0mLPPCKpjfZiKMwm
4THSEX,Timetable Vol. 2,,1,
7xvethegenius,The Genius Tape,,1,
A Sagittariun,DJ-Kicks (Mount Kimbie),,1,
A$AP Rocky,Don't Be Dumb,yes,0,spotify:album:4itKk52E9ZCdWUQcFAkud9
A$AP Rocky,PUNK ROCKY,,1,
A$AP Rocky,TESTING,yes,15,spotify:album:3MATDdrpHmQCmuOcozZjDa
Aaron Childs,Tangerine,,1,
Acidslop,Forever Is a Dollar,,1,
Action Bronson,Blue Chips 7000,yes,13,spotify:album:0N3HnJ7Jw1VrfO5TnbNWEA
Action Bronson,Mr. Wonderful,yes,13,spotify:album:70ZBzT0CMjjFQ1bMvPdLjH
Action Bronson,White Bronco,yes,11,spotify:album:1RpE0cvRLrWxtaGeUjWqgV
Actress,Karma & Desire,,1,
Admas,Late Night Tales: Badbadnotgood,,1,
Adrian Lux,Studio Barnhus Volym 1,,1,
AFKAP,Resignation Letter,,1,
Against All Logic,2012 - 2017,yes,11,spotify:album:1uzfGk9vxMXfaZ2avqwxod
Ahmed Fakroun,Awedny,,1,
Ahmed Malek,The Electronic Tapes (Habibi Funk 005),yes,17,spotify:album:5w6IgWyXR9d8AfYrYY31UO
Airhead,Late Night Tales: Bonobo,,1,
Al Dobson Jr.,Rye Lane (Vol. 2 & 3),yes,28,spotify:album:3Enm6DNcGmhOKWARVbfwFv
Al Dobson Jr.,Rye Lane Vol. 1,yes,11,spotify:album:2RSjl55LVVrCatRa1rPook
Al Dobson Jr.,"Sounds from the Village, Vol. 1",yes,15,spotify:album:1619Ndh0fx68ewSXtDz0Xp
Al Dobson Jr.,"Sounds from the Village, Vol. 2",yes,23,spotify:album:188glsPNr1eg8tyWfWwWSB
Alain Bellaïche,Late Night Tales: Floating Points,,2,
Alberto Bof,Stab in the Dark O.S.T.,,1,
Albrecht La'Brooy,Tidal River,,1,
Aleksi Perälä,DJ-Kicks (Mount Kimbie),,1,
Alex Kassian,fabric presents Bonobo,,1,
Alfa Mist,Antiphon,yes,8,spotify:album:3joOXpEsCgg8oS1Tba7neT
Alfa Mist,Organic Rust,,1,
Alfa Mist,Structuralism,yes,8,spotify:album:38XUFMsLLAttgWdD40CTaL
Allah-Las,Raspberry Jam,,1,
Allah-Las,Worship the Sun,,1,
Alma De La Selva,De La Selva,,3,
Ameba,Tangerine Hues,,1,
Amir Alexander,Realest of the Real,,1,
Anchorsong,Mirage,yes,0,spotify:album:1gtjPZUiVldSNaUwzZfdLe
Anderson .Paak,Malibu,yes,16,spotify:album:4VFG1DOuTeDMBjBLZT7hCK
Anderson .Paak,Venice,yes,16,spotify:album:2DOiha5oI19Dmw5M9ryHD8
Anderson .Paak,Ventura,yes,11,spotify:album:0YF8PfcGbsKg5IaFyPnlyY
Ando San,OH KAY,yes,0,spotify:album:5NK9y5GXf4KuRTFuYCWkuU
Andres,Out in the Open,,1,
Andrew Ashong,Sankofa Season,yes,0,spotify:album:2X0ipAg7rr3Zzc9bDuhROn
Andreya Triana,Giants (Deluxe Edition),yes,18,spotify:album:20YAffz6nNgr17LqjRMDYD
Andreya Triana,Life In Colour,,1,
Andrè S.,DJ-Kicks (Moodymann),,1,
Angelo De Augustine,Tomb,yes,12,spotify:album:0H3WQSbJ7SgZtB35BEOP9P
Anne Clark,DJ-Kicks (Moodymann),,1,
AnnenMayKantereit,Tom's Diner,,1,
Aphex Twin,...I Care Because You Do,yes,12,spotify:album:0VG7XLJ8gSynEQDVnpHNNU
Aphex Twin,Syro,yes,12,spotify:album:6oRuinkJdTge4hpTuClEF8
Apifera,6 Visits,yes,0,spotify:album:7k96NyqFWjkeGTL1aJ4gjv
Apifera,Lake VU,,1,
Apifera,Overstand,yes,0,spotify:album:5BuepklHvUdNviID5Dxwrg
Arc De Soleil,Lumin Rain,,1,
Arc De Soleil,The Thief in Marrakesh Got Caught in Amsterdam Trying to Escape,,1,
Arctic Monkeys,AM,yes,12,spotify:album:78bpIziExqiI9qztvNFlQu
Ardisia,Quasar,,1,
ARDN,SHINE (with SiR),,1,
Arlo Parks,Cola,,1,
Arlo Parks,Super Sad Generation,yes,4,spotify:album:3rbmTsfJugRoFghKELgGUe
Armando Young,Loved Ones (Saudades),,1,
Asaad,Off-White™ c/o Virgil Abloh,yes,0,spotify:album:3jElTBkV4E1atTm8S2pt8d
Asake,Lungu Boy,,1,
Asake,Work Of Art,,1,
Ashley Henry,Beautiful Vinyl Hunter,,1,
Asulin,Suzume,yes,11,spotify:album:1PQXxRZiNItik4fgSrG14L
Ata Kak,Obaa Sima,yes,7,spotify:album:5rWdCCXgUf8Ptz1goEmLKC
Athletic Progression,Athletic Progression,yes,0,spotify:album:0k2rdl136XYJRZA6nPbuw6
Auntie Flo,Highlife World Series: Cuba,,1,
autumn keys,Fear And Loathing In Beats,,1,
Axel Boman,boyboy,,1,
Axel Boman,Studio Barnhus Volym 1,,1,
AYLØ,Insert Project Name,,1,
Azimuth,Late Night Tales: Floating Points,,1,
Azymuth,"Demos (1973-1975), Vol. 1 & 2",,1,
B. Cool-Aid,Leather Blvd.,yes,0,spotify:album:5wXKwBJT6rmrT0uuGngQtj
B. Cool-Aid,soundgood,yes,0,spotify:album:4kFH9UDdmg25A7T8Fc4s1G
B0nds,In My Dreams,,1,
Baba Stiltz,Can't Help It (Radio Edit),yes,1,spotify:album:61zLahN6bMU8lBGfbY1Xv3
Baba Stiltz,Journals,yes,0,spotify:album:6ogoFXSFR4dn4sXoc38kgR
Baba Stiltz,Showtime,yes,4,spotify:album:3W25dUvBpv7kO5wlPzfktc
Baba Stiltz,Studio Barnhus Volym 1,,1,
Baba Stiltz,Total,yes,12,spotify:album:2i51DKiq5QMKuDUJpyYe6X
BAD WITH PHONES,Marinade,,1,
BADBADNOTGOOD,III,yes,9,spotify:album:6VqtrhGLO1qRTjqRow5NG1
BADBADNOTGOOD,IV,yes,11,spotify:album:6R7CVG0kOF7h0NLg10ezpZ
BADBADNOTGOOD,Late Night Tales: Badbadnotgood,yes,2,spotify:album:1J3enVyckc2vOR0xOK1jZX
BADBADNOTGOOD,Late Night Tales: Bonobo,,1,
BADBADNOTGOOD,Sour Soul,yes,12,spotify:album:7gP4vkln7Qmbycgx8WwTzL
BaggE,What About Summer?,,1,
Bakar,Small Town Girl,,1,
Bakar,Will You Be My Yellow?,yes,1,spotify:album:12nH1R4NqEtaOQ5M7RA63p
Balthazar,Applause,yes,11,spotify:album:2CzpgEHGLVdz50o4yuORwB
Balthazar,Fever,yes,11,spotify:album:4cKMQ4mNZsBx40VXtNDpMT
Balthazar,Rats,yes,10,spotify:album:5v9g4vpC18abcnohQqbz4q
Balthazar,Sand,yes,1,spotify:album:0aYwzFnbFur2SEyJKKS0LD
Balthazar,Thin Walls,yes,10,spotify:album:29tvPtFTZwxZZMIA34BjYm
Barakas,fabric presents Bonobo,,1,
Barry Can't Swim,Chala (My Soul Is On A Loop),,1,
Barry Can't Swim,Kimpton,yes,0,spotify:album:4irD2QKX4eA49YhoAhUj21
Barry Can't Swim,Late Night Tales: Barry Can't Swim,yes,0,spotify:album:6Na9SDZe0UA2jKjG6X2arc
Barry Can't Swim,When Will We Land?,yes,2,spotify:album:5LASDBDtLLEt3QqVtgOoaM
Barry White,Can't Get Enough,,1,
Bastien Keb,22.02.85,yes,16,spotify:album:2yix6ciimzalVAJKBnQd0t
Bastien Keb,Dinking in the Shadows of Zizou,yes,11,spotify:album:6jnqzCJk8PpfEPSrjxxh6L
BCUC,Emakhosini,yes,3,spotify:album:0xgQHWHNPg93GYyRr1dm6z
BCUC,Isivunguvungu,yes,1,spotify:album:24jp5kUf5IfwSx9Ubg2jpB
BCUC,Our Truth,yes,4,spotify:album:2mxtmcQNiEczuP1trMkKg5
BCUC,The Healing,yes,3,spotify:album:5za6r1qrz5uTnniRQLPmVH
Beady Belle,DJ-Kicks (Moodymann),,1,
Beat Spacek,Modern Streets (Deluxe Version),yes,16,spotify:album:4Leu5tOvbQ4jvVs0IF5rJd
Bella Boo,boyboy,,1,
Bella Boo,Can't Leave You Like This,,1,
Bella Boo,DreamySpaceyBlue,yes,0,spotify:album:04dTBVDqxwHiYWMskDHQIc
Bella Boo,Fire,yes,5,spotify:album:55upRyzX0TXV1pERJ3vXyT
Bella Boo,Once Upon A Passion,yes,2,spotify:album:3CUMSkvueBIREKbWHPP5Ku
Bella Boo,Studio Barnhus Volym 1,,1,
Bella Boo,Supervillain,yes,3,spotify:album:3LHbQ672nttiCLx9g0ZnaF
Ben Beal,Concussion,,1,
Ben Hauke,From Here,yes,1,spotify:album:0cytiD99DBFxvv4NYOums3
Ben Hauke,Only Old,yes,7,spotify:album:40O7A0vHmXCqPhzFoBCyJi
Ben Hayes,Ready Yet,,1,
Benedict Cumberbatch,Late Night Tales: Bonobo,,1,
Benny Sings,Beat Tape,yes,18,spotify:album:5XSdsuMOVnullL1iEORk0M
Benny Sings,Beat Tape II,,1,
Benny Sings,City Pop,yes,11,spotify:album:4ycm1QupNImrPnYnYeNOlz
Berjan,reserved...,,1,
BERWYN,DEMOTAPE/VEGA,yes,0,spotify:album:3SucuvOplRzjCm602c5XuK
Beshken,Fire Your Gun,,1,
Beshken,Victim / The Medicine,,1,
BexBlu,TWO THOUSAND AND NEVER,,1,
BexBlu,"Wavy, Vol. 2",,1,
BICEP,Apricots,,1,
BICEP,Bicep,yes,12,spotify:album:4psDRFbIlUM1KUb1omccXo
BICEP,Opal (Four Tet Remix),yes,1,spotify:album:2cPmeKiyUBdYDyFG3nbPpN
BICEP,Rain EP,yes,3,spotify:album:15MC9TCrhkBXZv5wNGd9tk
Big Muff,DJ-Kicks (Moodymann),,1,
Biig Piig,Raze : Plan B,,1,
Bill adlib,Habits,,1,
Bill adlib,Smylo,yes,4,spotify:album:5lzjpWyb6Npq3Gv0wC2atL
Bill Evans,Late Night Tales: Bonobo,,1,
Bill Laurance,Keeping Company,,1,
Billie Eilish,Happier Than Ever,yes,0,spotify:album:0JGOiO34nwfUdDrD612dOp
Billy Davis,A Family Portrait,yes,14,spotify:album:5UiggpOrM9G2hsPhH3HmCx
Billy Eckstine,The Spirit Of Memphis (1962-1976),,1,
BINA.,Mercedes to Hades,,1,
Black Josh,Yung Sweg Lawd,yes,0,spotify:album:5YhYhxk3RlqStrLRTUCmJM
Black Pool,For Millie,yes,7,spotify:album:73TShMdgKYThwe0twTXuvE
Black Pool,Here for Now,yes,4,spotify:album:48SqeF1Cfirl9st6jO5Yck
Black Pool,Joven Pirata,yes,5,spotify:album:6cA1uZ6Mwy9C1EC4h04tQl
Black Taffy,Elder Mantis,yes,12,spotify:album:6ICP3FY1TlwllXG3ygkIaV
Black Taffy,Parlour Arcana,yes,4,spotify:album:0SOHha6jG2rdSqzLtbdlF2
BLCKEBY,INNER REMIX PACK,,1,
BLK ODYSSY,BLK VINTAGE: THE REPRISE,yes,0,spotify:album:3xr8qDKOfnCxR49nmtLPjq
Blood Orange,Cupid Deluxe,yes,11,spotify:album:1bsLkHcWAGUao6Z1dHOEIB
Blood Orange,Essex Honey,yes,0,spotify:album:5RUma3H9uzDLXxwT7JzTel
Blood Orange,Freetown Sound,yes,17,spotify:album:3Z2XUjgVj5ZkCGpU7b2qtY
Blood Orange,Negro Swan,yes,16,spotify:album:7bvmGyFDwpHNRRRZJ0AHvn
Bluestaeb,Everything Is Always a Process,yes,15,spotify:album:29J7Z1vaQqGmfHzMYYyWdB
Blundetto,Bad Bad Things,yes,15,spotify:album:3gayu58nRRL9fDpd5Az8kz
Blundetto,Bad Bad Versions,yes,10,spotify:album:4JippIlC1E8e8dkQxfOPl8
Blundetto,Slow Dance,yes,12,spotify:album:3vXABeD0zJOs9UxVOaQG3x
Blundetto,Warm My Soul,yes,11,spotify:album:7imganlnMUudJnqymVDoVt
Blundetto,World Of,yes,12,spotify:album:6CuXb9coIfkBH3pMI4I02a
BluntOne,Self Medication,,1,
Boards of Canada,Late Night Tales: Badbadnotgood,,1,
Bobby Wright,Late Night Tales: Floating Points,,1,
Bohannon,Stop & Go,,1,
Bon Iver,"22, A Million",yes,10,spotify:album:1PgfRdl3lPyACfUGH4pquG
Bon Iver,Bon Iver,yes,10,spotify:album:0XOyEsl3kgwwVpYcLV5rRs
Bon Iver,"For Emma, Forever Ago",yes,9,spotify:album:10HuTnFqkhym6gXmIDxBsm
Bonobo,Animal Magic,yes,10,spotify:album:4fwdKlGLJuEB9UuCHaNKql
Bonobo,Black Sands,yes,12,spotify:album:5m1RkwKeU7MV0Ni6PH2lPy
Bonobo,Days To Come,yes,18,spotify:album:5HLoU4oijKdSIFOk2o7mYn
Bonobo,Dial 'M' for Monkey,yes,9,spotify:album:6TaDSeHRXqw06H2PlYsD5K
Bonobo,fabric presents Bonobo,yes,3,spotify:album:6Zs42QVS22zdzLXh2v0sHf
Bonobo,Ibrik,,1,
Bonobo,Late Night Tales: Bonobo,yes,2,spotify:album:75mOIzgjMsFLN5hyQlpsy8
Bonobo,Migration,yes,12,spotify:album:2T64N96AVfsrRFJCUXQEoZ
Bonobo,Rosewood,,1,
Bonobo,The North Borders,yes,13,spotify:album:7sN6lCgPf1rbZYmA3edMKv
Booker T. & the M.G.'s,The Spirit Of Memphis (1962-1976),,1,
boy pablo,Soy Pablo,yes,7,spotify:album:1lESM5Y1VAvrCLEgLmyfOw
Brad stank,Daddy Blue / O.T.D.,,1,
Brad stank,Eternal Slowdown,yes,7,spotify:album:4u7EaRToIBZLmlsyBGSInV
Brad stank,I Belong To You,yes,0,spotify:album:06P7FXoIbnP6nEeBSmgDTQ
Brad stank,In the Midst of You,yes,2,spotify:album:48zdL0EfmjVrQoi4UJwGG9
Brad stank,You Caught My Eye,yes,0,spotify:album:0D9XjIxCeGWh7dsiwIGeNz
Brenk Sinatra,Rob Roly,,1,
Brent Faiyaz,Sonder Son,yes,12,spotify:album:5Bp1EX2ypdFnJ5IUyiRl8w
Brién,IDKWHY,,1,
BROCKHAMPTON,ALL-AMERICAN TRASH,yes,13,spotify:album:48IFY1wERoy8Lac5FuXHpc
BROCKHAMPTON,iridescence,yes,15,spotify:album:3Mj4A4nNJzIdxOyS4yzOhj
BROCKHAMPTON,SATURATION,yes,17,spotify:album:67smHJOf5YlFwad6dAlppm
BROCKHAMPTON,SATURATION II,yes,16,spotify:album:0XnqQzdSFAml08XZoRt1St
BROCKHAMPTON,SATURATION III,yes,15,spotify:album:5c2AzoNyr46fCQM5d8mxE0
brother portait,Blink​.​Blink (Rework),,1,
Brothers Moving,Minnie The Moocher,,1,
Bubble Love,Bubble Love,yes,0,spotify:album:697p7VfQL9pIh38L0Q0nQT
Buddy Love,Pleasure (Now & Forever),yes,0,spotify:album:0KJSOztRKXRTLG4jrvWWFY
Burial,Claustro / State Forest,yes,0,spotify:album:28T25ZaiH7pzjmJXeWACex
Burial,Untrue,yes,13,spotify:album:1C30LhZB9I48LdpVCRRYvq
Burna Boy,Outside,,1,
Bxnjamin,Folklaw,yes,0,spotify:album:4rDsitYMaUZGyygDY2TPIA
C.Tappin,Ashes to Ashes,yes,1,spotify:album:7F0MZkXaJpEQAPIIiKazLe
C.Tappin,Change,yes,0,spotify:album:7wclw9jn08AQIlVngXWdgE
C.Tappin,Crumbling,,1,
C.Tappin,High Moon,,1,
C.Tappin,This World,yes,1,spotify:album:40P45hQkyH9opwYAV7HNMf
CA7RIEL & Paco Amoroso,BAÑO MARÍA,yes,0,spotify:album:1XX2taUAddEZQX4QinYxX2
CAPYAC,Headlunge,,1,
Caribou,Honey,yes,0,spotify:album:7uxfQPw7jZrMCwmFijglNT
Caribou,Our Love,yes,17,spotify:album:1J9DdlpYK1NxXL6ciqSVoJ
Caribou,Suddenly Remixes,yes,0,spotify:album:1lulYXHFBSYd8Y1hbaPXzE
Caribou,Swim,yes,9,spotify:album:198uSF0lTPBy7PtflbPhGT
CARLA,DROPPING SEEDS,,1,
Carla Thomas,The Spirit Of Memphis (1962-1976),,3,
Castello Branco,Aloe Vera,,1,
Catching Flies,The Stars,,1,
CATO,The Wind That Was Blown,yes,0,spotify:album:0UKfFv89gIve0eFBjHyzHP
Celeste,Compilation 1.1,,1,
Central Cee,GBP (feat. 21 Savage),,1,
Cesar B.,Morning,,1,
Chance the Rapper,65th & Ingleside,yes,1,spotify:album:3SQBhLa7AkmCNWuDmJpRkD
Chance the Rapper,Coloring Book,yes,14,spotify:album:71QyofYesSsRMwFOTafnhB
Chance the Rapper,I Might Need Security,yes,1,spotify:album:5pQOfgCqpu4RrJAfQToFa8
Chance the Rapper,My Own Thing,yes,1,spotify:album:6RQhltF3miWYkdfDT0JIbG
Chance the Rapper,The Man Who Has Everything,yes,1,spotify:album:3oa90TbTT5bJwCUJ5fDmvu
Chance the Rapper,Wala Cam,yes,1,spotify:album:3aMsYP1nhJx0rJ6DX6bvAe
Chance the Rapper,Work Out,yes,1,spotify:album:53vsM5JN76NXiv7aj4PXK1
Channel Tres,Brilliant Nigga,,1,
Channel Tres,refresh,,1,
Chaos In The CBD,Accidental Meetings,yes,4,spotify:album:7HfXjZR9ak7URSO1kz56Ef
Chaos In The CBD,Dusty Sundays,,1,
Chaos In The CBD,False Awakening / Scumbag Unity,yes,1,spotify:album:4yV5YDfGCsoTZYtw8CnIbY
Chaos In The CBD,Global Erosion / Background Explorer,yes,2,spotify:album:4tgnRRuWQ0F8NzaPMAsJ6e
Chaos In The CBD,Invisible Spectrum,yes,3,spotify:album:5YCHFMlx6XJiVDsSgx7mF9
Chaos In The CBD,Midnight in Peckham,yes,5,spotify:album:273eEmF6BiDiIMYKpR59Qu
Chaos In The CBD,Multiverse,yes,4,spotify:album:39TLoQiwqwjCweU5h0SL5D
Chaos In The CBD,Orange Blank / Green Dove,yes,2,spotify:album:0zzY2VM8BciRo7PCegsuLf
Charlie Rich,The Spirit Of Memphis (1962-1976),,2,
Charlotte Day Wilson,Late Night Tales: Badbadnotgood,,1,
Chartreuse,Swedish Water,,1,
Chelou,Halfway to Nowhere,yes,1,spotify:album:1CXKsE6Po7dSbYGI78ppX5
Chelou,Mothership EP,yes,4,spotify:album:7jT45qdr5Lp5Yc5LmO1qqO
Chelou,Out of Sight,yes,12,spotify:album:1diPykTbU9Exvc09CuvycL
Chelou,The Quiet,yes,4,spotify:album:7Ca1mb89VWSsUExlRsmYPs
Chet Faker,A Love For Strangers,yes,0,spotify:album:2TU0EWGL5Xj54K2254HToc
Chet Faker,Built on Glass,yes,12,spotify:album:2ytxqdwQ0Hn9JeQmcIWHuh
Chet Faker,Thinking In Textures,yes,7,spotify:album:1UW1oXBj1mbUOjenKc9o6z
Childish Gambino,"""Awaken, My Love!""",yes,11,spotify:album:4Carzsnpd6yvuHZ49I0oz8
Children of Zeus,Balance,yes,0,spotify:album:32GCpEKV51IgxHSC6Sqppn
Children of Zeus,Excess Baggage,yes,0,spotify:album:3d5u1vqsr1VNPZLKi6DWn3
Children of Zeus,The Story so Far...,yes,12,spotify:album:0s3zF8wKI4lVZlOneAIk9x
Children of Zeus,Travel Light,yes,13,spotify:album:6DO84f1dP8CzkriP1C0U0Y
Chrome Sparks,Be On Fire,yes,5,spotify:album:2JunDwdrZoH30DiCVpRtP1
Chrome Sparks,Chrome Sparks,yes,10,spotify:album:5Y0yPA0zZetcpimqsegK1i
Chrome Sparks,Goddess,yes,6,spotify:album:252x6axgOKxPsoNYN5Bp7d
Chrome Sparks,Sparks EP,yes,6,spotify:album:3qAt0pasO26XGFf8lSdZ9j
Chronixx,Exile,,1,
Cigarettes After Sex,Affection,yes,2,spotify:album:142Q4vsKOiz1ndoLMdQrtl
Cigarettes After Sex,Cigarettes After Sex,yes,10,spotify:album:5OVcAB06ttNop0LKRUUKKD
Cigarettes After Sex,Crush,yes,2,spotify:album:6XlJnWEuJAooLIQRnI235w
Cigarettes After Sex,Each Time You Fall in Love,yes,1,spotify:album:3v26hVaCG4RGS0DqjaKxnB
Cigarettes After Sex,EP I.,yes,4,spotify:album:5fzwP4FRJjFQBBmhKJwpWn
Cigarettes After Sex,Neon Moon,yes,1,spotify:album:2kVYjc8G4UFWWc9QfLuFU8
Cinnaman,Kingfisher,,1,
CKay,EMOTIONS,,1,
Clap Cotton,Laidback,,1,
Clbrks,Snake Soup,yes,1,spotify:album:7khkHOk8iMWYcj1oSrZMIJ
Cleo Sol,Gold,yes,0,spotify:album:67DWn1tZ245gendegv7Ioz
Clever Austin,Pareidolia,yes,16,spotify:album:0vwdOAcUIZMxatahiVxQCU
Cloud Control,Zone,yes,10,spotify:album:0vdXLwlJniZwd7QqvBqlVe
Coco Bryce,Beats Like This,,1,
Coco Bryce,Night On Earth,,1,
Coco O.,It's A Process,,1,
Cody Chesnutt,DJ-Kicks (Moodymann),,1,
Col3trane,Perfect Timing,yes,1,spotify:album:7nZR7kqG2KAODIVQJhWdWq
Col3trane,Superpowers (with GoldLink),yes,1,spotify:album:7LTkF6yM44uMrbtk8i1wl8
Collard,Everglade,yes,1,spotify:album:1biiECwZ3x1kSTVgJzeaeU
Collard,Ground Control,yes,1,spotify:album:1jBj631RicTSzz4qICRKYQ
Collard,Hell Song,yes,1,spotify:album:38uoA1mNEVTmB5A8uxP78x
Collard,Ode,yes,1,spotify:album:4UhFuCGEO4TbhAlUjgk4EC
Collard,Sofa,yes,1,spotify:album:4wKeIVFf5pW5amz2LOomUh
Collard,Unholy,yes,9,spotify:album:12X0uIEsZS7G2TlokvPsj3
Collard,Warrior Cry,yes,1,spotify:album:2GS4tTDGS85DPUn3MbWP6n
Colloboh,Entity Relation,yes,0,spotify:album:30Ibl9SKa6jRohwsTOV9Bn
Common Saints,Honey,,1,
Common Saints,Idol Eyes,,1,
Computer Says No,DJ-Kicks (Mount Kimbie),,1,
Conducta,Ripe 'n' Ready (A Kiwi Rekords Sampler),,1,
Congi,Future Bubblers 1.0,,1,
Conic Rose,Young Man,,1,
Cordae,Sinister (feat. Lil Wayne),yes,0,spotify:album:7iW9jDpzjy2dGOudC2dRXX
Cordae,The Lost Boy,,1,
Cordae,Two Tens (feat. Anderson .Paak),,1,
Cortex,Troupeau bleu,,1,
CoryaYo,Ra,,1,
Cosmo Pyke,A Piper For Janet,yes,0,spotify:album:4p9D5DQ9Cfpbb9TQOObjCA
Cosmo Pyke,Just Cosmo,yes,5,spotify:album:7tp5vLtNVMJEmoPbJEA1e0
Cosmo's Midnight,What Comes Next,yes,12,spotify:album:2RasvcK0I8bupLoVNuQKZv
Cousin,A Message from Q,,1,
Cousin Kula,Didn't Cha Know / Gone Baby Don't Be Long (Medley),,1,
Cousin Kula,Pixie Prog,,1,
Cousin Kula,Vitamin D,yes,0,spotify:album:6z1uF2PNhKa6UlTHaiCaAS
Crayon,After the Tone,,1,
Crumb,Locket,yes,4,spotify:album:7MTfe1MFeQcc6ENWOhwQlz
Cruza,Cruzafied,yes,0,spotify:album:4lg6iQhlAgcy5Er9XVotta
Cruza,Dog Daze,yes,0,spotify:album:0APqibgHREHUQyPXOqVzBa
Cupidon,Feel It,,1,
Current Joys,A Different Age,yes,9,spotify:album:2yAyZp16EbanQ9pBwQs70x
D Tiberio,Timetable Vol. 2,,1,
D'Angelo,Black Messiah,yes,12,spotify:album:5Hfbag0SsHxafx1SySFSX6
D'Angelo,Brown Sugar,yes,31,spotify:album:1ui78vxDFSa0NcE1Zj2tVW
D'Angelo,Voodoo,yes,13,spotify:album:2lO9yuuIDgBpSJzxTh3ai8
D'Marc Cantu,DJ-Kicks (Mount Kimbie),,1,
D. Tiffany,Blue Dream,,1,
Daito Manabe,Timetable Vol. 2,,1,
Daktyl,The Act of Hesitation,,1,
Dal,The Dartmoor National Park Tapes,yes,1,spotify:album:06CkdWpzl80q4enmQucflX
Dal,Those Days,,1,
Damar Davis,Timetable Vol. 2,,1,
Damu The Fudgemunk,Coco Mango Diced,yes,0,spotify:album:4ezBRagdFJB8UXnmDWdFBv
Dan Kye,fabric presents Bonobo,,1,
Daniel Bortz,DJ-Kicks (Moodymann),,1,
Daniel Caesar,Call On Me,,1,
Daniel Caesar,Freudian,yes,0,spotify:album:3xybjP7r2VsWzwvDQipdM0
Daniel Caesar,NEVER ENOUGH,yes,0,spotify:album:0qGQrHicD7qXuz5VMlDuCe
Daniel Hanson,Song of the Mamuna Tribe of South Papua,,1,
Daniela Andrade,Puddles,,1,
Daniela La Luz,DJ-Kicks (Moodymann),,1,
Danny White,The Spirit Of Memphis (1962-1976),,1,
Danvers,Keep Holding On,,1,
Darius,Utopia,,1,
Darjeeling,Some Nights,yes,4,spotify:album:3xTT79ddaXlqIpnepUwGPa
Dark Sky,fabric presents Bonobo,,1,
Dark Sky,Othona,,1,
daste.,Same as It Ever Was,,1,
daste.,What If?,,1,
Dave,Split Decision,yes,1,spotify:album:0On7uutIu9rZRvP9aJbMog
Dave + Sam,No Shade,,1,
David Porter,The Spirit Of Memphis (1962-1976),,2,
Davido,Timeless,,1,
De La Soul,and the Anonymous Nobody...,,1,
De Leon,DJ-Kicks (Mount Kimbie),,1,
Dear Silas,Cadillac Leather in July,,1,
Deauxnuts,Without Sleeping,,1,
DECAP,Family,,1,
Deem Spencer,heart don't know,,1,
Deem Spencer,Pretty face,yes,12,spotify:album:6JyDd1rcWOC3QjPjARoHQk
Deem Spencer,We Think We Alone,yes,8,spotify:album:3sy7IlFifKTccQ1Eefhlj1
Deema,Cat Food,,1,
Deema,Kief,,1,
Deema,Maddie & Blame,,1,
Delegation,Late Night Tales: Badbadnotgood,,1,
Delegation,The Promise of Love,yes,11,spotify:album:0Y8U3TzCcjx8mC56NTadMl
Derek Carr,Reset EP,,2,
Dexter,Grind 101,,1,
Dexter,"Haare nice, Remix fly",,1,
DIPS,Mirinda,,1,
Dirty Art Club,Heavy Starch,,1,
DJ Doberman,Timetable Vol. 2,,1,
dj gummy bear,how u make me feel,,1,
DJ Koze,Studio Barnhus Volym 1,,1,
DJ Seinfeld,fabric presents Bonobo,,1,
DJ Shadow,Endtroducing,yes,12,spotify:album:4GsXsPeBdnFEhI7jBI68gH
DJ Shadow,Endtroducing.....,yes,16,spotify:album:4wvqGLk1HThPA0b5lzRK2l
DJ Shadow,Our Pathetic Age,,1,
DJ Shadow,Reconstructed : The Best Of DJ Shadow,yes,22,spotify:album:6nhxaoHgGJ07EwUPlhPiNN
DjRUM,Portrait with Firewood,yes,9,spotify:album:3ngcrybWz1fUixAjS1ggl3
DjRUM,Seven Lies,yes,1,spotify:album:1NreOUkh3DIVb5ArcdiiaA
Doechii,Alligator Bites Never Heal,yes,0,spotify:album:60UzB8mOCMpc7xkuJE6Bwc
Dolphin Love,gardenfulloflight,,1,
Domenique Dumont,Miniatures de auto rhythm,,1,
Don Leisure,Halal Cool J,yes,17,spotify:album:2WzPwunvWZ8ziah8ewTDWH
Don Rattray,D To The Izzo,,1,
Dontcry,Veggie / Ciruela,,1,
DOPE LEMON,Honey Bones,yes,10,spotify:album:3diCjjzTaCODKwH1OOmrWf
DOPE LEMON,Hounds Tooth,yes,5,spotify:album:3zbxZ87SBMo6xoKn3GRrqq
DOPE LEMON,Salt & Pepper,yes,1,spotify:album:1U0cSmYU3S3CqUNTv3mykr
Dopehead,DJ-Kicks (Moodymann),,1,
DORJ,MUAR,yes,5,spotify:album:6KtAP3LlXveP8a8AgOWvkl
Dorothy Ashby,Late Night Tales: Bonobo,,1,
Dr. Dundiff,Innerspace EP,yes,0,spotify:album:0AkGRpYYdImcckrxwy96pK
Dr. Dundiff,Snow Day,,1,
Drake,Certified Lover Boy,yes,0,spotify:album:3SpBlxme9WbeQdI9kx7KAV
Drake,Her Loss,yes,0,spotify:album:5MS3MvWHJ3lOZPLiMxzOU6
Drake,"Honestly, Nevermind",yes,0,spotify:album:3cf4iSSKd8ffTncbtKljXw
Drake,On The Radar Freestyle,,1,
Dre'es,Shy Boy,,1,
Dre'es,Swamp 00,yes,13,spotify:album:6wZybb4Pw8F5R78mQUeHEN
Dre'es,Warm (feat. Mia),,1,
Drugdealer,Hiding in Plain Sight,,1,
Duke Hugh,Canvas,yes,9,spotify:album:1BuZwcoBjc8L1N9xFCxK3z
Duke Hugh,Zoë,,1,
Durand Jones & The Indications,American Love Call,,1,
Durand Jones & The Indications,Witchoo,,1,
Durante,fabric presents Bonobo,,1,
Dustin O'Halloran,Late Night Tales: Bonobo,,1,
Duñe,Duñe x Crayon,,1,
Dwight Trible,Inspirations,yes,8,spotify:album:4VraOcXoHw2nYxPYE3hoZP
Dwight Trible,Mothership,yes,12,spotify:album:0sGgyqp5K4S0LGCCIwouTc
Earl Sweatshirt,Doris,yes,15,spotify:album:5vRfIDOPJHy3W2wHWbzLlE
Earl Sweatshirt,FEET OF CLAY,yes,0,spotify:album:0N0EFoE8csbKxl5lxT1ylm
Earl Sweatshirt,"I Don't Like Shit, I Don't Go Outside: An Album by Earl Sweatshirt",yes,10,spotify:album:3wUv2IjD5hPrqlPakpczQa
Earl Sweatshirt,Live Laugh Love,yes,0,spotify:album:45aldsXQsGrQxpst6z2hfR
Earl Sweatshirt,Making The Band (Danity Kane),,1,
Earl Sweatshirt,POMPEII // UTILITY,yes,0,spotify:album:3RoyVaZOzBSTfo6jm4dvSR
Earl Sweatshirt,Some Rap Songs,yes,15,spotify:album:66at85wgO2pu5CccvqUF6i
Earl Sweatshirt,Tabula Rasa (feat. Armand Hammer),yes,0,spotify:album:4UvC1cEP1VmZeFMvbCtHkw
Earl Sweatshirt,VOIR DIRE,yes,0,spotify:album:2jFEoWXPcVtO7MX0j12kZ6
Earth Trax,fabric presents Bonobo,,1,
Earthen Sea,Grass and Trees,,1,
Eddie Chacon,"Pleasure, Joy and Happiness",yes,0,spotify:album:1F5Z67342YpaehnC7MJ5ea
Eddie Chacon,Sundown,yes,0,spotify:album:37OThjyGLpz8zQFtW0l4KM
Eden777,Parsley God,yes,2,spotify:album:1qsJ0G9CxZ4h4rKENBXNFW
Edmondson,Hemisphere,,1,
efdemin,DJ-Kicks (Mount Kimbie),,1,
Ego Ella May,How Long 'Til We're Home,,1,
El Train,Puzzles,,1,
Elder Island,Feral,,1,
Eli Keszler,Eli Keszler,yes,1,spotify:album:4MFVsYFGjNgipwAAl7lUnL
ELIZA,A Real Romantic,,1,
Elle Valenci,Freedom,,1,
ELWD,20:00,yes,10,spotify:album:7mqobKT0xQg6WyqVtOlXJu
ELWD,All Good Things,yes,20,spotify:album:7sLZlQBKaoRzMkiEFj4cDP
ELWD,BAD TIMING,yes,13,spotify:album:7noiYHLX7kdvmeu10Rjuot
ELWD,COLLECTABLES,yes,0,spotify:album:7DVS3iqlcwKfdPHDrKTG0f
ELWD,SONGS ABOUT THE SUN,yes,0,spotify:album:1u4lsSSD5OXrukbGBWzOV3
ELWD,Too Many Days,yes,18,spotify:album:3r4rzhPP2ww5qD0o6V48E5
Emma-Jean Thackray,Rain Dance / Wisdom,,1,
Emmit Fenn,"The Last Dance, Pt 2",,1,
Erick the Architect,Ezekiel's Wheel,,1,
Erick the Architect,I've Never Been Here Before,yes,0,spotify:album:3KUAjH6gf9p68TkLLyi4dB
Esbe,Late Night Headphones Vol. 2,,1,
Escape Deep,The Secret Of Love,,1,
Everyone You Know,Cheer Up Charlie - EP,yes,7,spotify:album:0bTlwOzfdrlDjz97T8qctC
Everyone You Know,The Drive,yes,1,spotify:album:3VuUdfydzUEW1xStEjDP8X
Everyone You Know,Think About His Mother,,1,
Everyone You Know,Waiting,,1,
EXCISE DEPT,BILLO,,1,
Ezra Collective,God Gave Me Feet For Dancing (feat. Yazmin Lacey),,1,
Ezra Collective,Juan Pablo: The Philosopher,yes,7,spotify:album:3XbUAdMaYsD3JZUbUfCuEc
Ezra Collective,We out Here,,1,
Ezra Collective,Where I'm Meant To Be,yes,0,spotify:album:0nhfG8lPabvjTN0ACcwBux
Ezra Collective,You Can't Steal My Joy,yes,13,spotify:album:1eY0OQek6FHZWiPgJaXAzl
Family Event,Demo Tape,,1,
Family Time,The Golden Years,,1,
Farhot,Feel Ugly,,1,
Fatima,And Yet It's All Love,yes,12,spotify:album:4FlBSRTTHbylHFzVnai1Ul
Fatima,Follow You EP (feat. Floating Points),,1,
Fazer,Mara,yes,0,spotify:album:5kBqpDDko6Dc387RYaTCU0
Fazer,Nadi,yes,0,spotify:album:3kvzs5jLHsGyDZnz5oAaA4
Fazer,Wasi,yes,1,spotify:album:76DFAPbGC3kPNeF0wWL3qN
Feng Suave,Feng Suave,yes,4,spotify:album:2co62IYJYAQNsccM0RfE9d
Feng Suave,So Much for Gardening,yes,0,spotify:album:3YeM4v2nWzBdcCl9awURhv
Feng Suave,Venus Flytrap,yes,1,spotify:album:2tXk5xo5QWloeQERTFVIaX
Feng Suave,Warping Youth,yes,0,spotify:album:376kqbKWKrgMq1m4cGiAeN
Finn Foxell,Clear to Me,,1,
Finn Foxell,Make It Count,,1,
Finn Foxell,Stuck in Motion,,1,
Finn Foxell,Talk Is Cheap,yes,0,spotify:album:40NPXiMV0f5QkjEdFF7Dgf
Finn Foxell,TYSON,,1,
Fitz Ambro$e,Villa Rosa,,2,
FKJ,French Kiwi Juice,yes,12,spotify:album:0jJ7mMkCkTe7p9EJgSRxgi
FKJ,Leave My Home,yes,1,spotify:album:17StXxDFzxjhcuCLM1Ih4b
FKJ,Take Off,yes,4,spotify:album:5C2k85Yfu861tvVcP5vpY1
FKJ,Time for a Change,yes,4,spotify:album:5NPQ3KFdwLrZKuOebTAIzb
Fleetwood Mac,Rumours,,1,
Floating Points,Elaenia,yes,7,spotify:album:0SDLAAGQmK8DWxkX0s9OGE
Floating Points,King Bromeliad / Montparnasse,yes,2,spotify:album:16uv3keKqYiWt79hQcgGR2
Floating Points,Kuiper Part 1 & 2,yes,2,spotify:album:4hXDln9pnyUjvAAeY9ZwIu
Floating Points,Late Night Tales: Floating Points,yes,2,spotify:album:1K1xmrnPvQaHAoPrS8GV5t
Floating Points,Nuits Sonores / Nectarines,yes,2,spotify:album:2tGAQYy84ErRZgzHUiEdWm
Floating Points,Promises,yes,0,spotify:album:1LqgEMQNmL2yvjsGpihGee
Floating Points,Reflections - Mojave Desert,yes,5,spotify:album:77F3DlvE34zoQ0OQs97UBN
Floating Points,Shadows,yes,5,spotify:album:5kxdPzutcONxecJmXUIj2c
Floating Points,Vacuum Boogie,yes,3,spotify:album:2SE2s1zDZpv63YpheeD0zR
Floyd Newman,The Spirit Of Memphis (1962-1976),,1,
Flughand,EXPEDITion Vol. 7: Moonloops,,1,
Flying Lotus,Cosmogramma,yes,17,spotify:album:5c7XChrHxYaqykCZLaGM5f
Flying Lotus,DJ-Kicks (Moodymann),,1,
Flying Lotus,Flamagra,yes,27,spotify:album:5WfDyog8yO7ZF8JdJxeZfl
Flying Lotus,More,yes,1,spotify:album:22KhzZIwwVJJTvG4dcVEK5
Flying Lotus,Spontaneous / Takashi,,1,
Flying Lotus,You're Dead!,yes,39,spotify:album:3Y9XeEhhPyzFnCGDjKcVB0
Foals,Antidotes,yes,13,spotify:album:4FIDNlGVXZ4pCxdMjJXHoE
Foals,Everything Not Saved Will Be Lost Pt. 1,yes,10,spotify:album:5oT2zoIrVGJcbVZoNGGZwc
Foals,Total Life Forever,yes,27,spotify:album:7edt9zVFJtKYLMI213anC9
Foals,What Went Down,yes,10,spotify:album:4uIDigk79DeZEYV6Z5Yf4s
Folamour,Ordinary Drugs,yes,11,spotify:album:2EGwyXNUBe1Mq6mvNCVUVG
Folamour,The Journey (feat. Zeke Manyika),,1,
Footshooter,Footshooter / Technicolour Nights,,1,
Fort Knox Five,DJ-Kicks (Moodymann),,1,
Fortunes.,Disc Read Error,yes,5,spotify:album:1Lszce3004zqkAOHRzjjQS
Fortunes.,Jacket - EP,yes,5,spotify:album:6hRPuBC0cTIM1Pb56TkiA1
Fortunes.,Undress - EP,yes,4,spotify:album:7q9Llw5bOPQXAzuJP45Sht
Fountaindale,Teach Me To Fly,,1,
Four Tet,Beautiful Rewind,yes,11,spotify:album:7gN7gWms3Uz0GLLtLYHybk
Four Tet,Morning / Evening,yes,2,spotify:album:43QSgia2W3hFNjE8p8TSUR
Four Tet,New Energy,yes,14,spotify:album:74r6JJ97ipO0CREXP9PMqZ
Four Tet,Pink,yes,8,spotify:album:4AQJGcPp7SpT1xNLWrfYuz
Four Tet,Rounds,yes,10,spotify:album:2H49BEjjzWluWjmy2k9tdQ
Four Tet,There Is Love in You,yes,18,spotify:album:6XoxeeeyZgzqUMzUBUSDG9
Francis and the Lights,"Farewell, Starlite!",,1,
Francis Bebey,Late Night Tales: Badbadnotgood,,1,
Frank Apollo,Yinhle,,1,
Frank Medley,first of all,yes,1,spotify:album:7xdBSSlpZyGj8yUoK5tRSc
Frank Medley,scars,yes,1,spotify:album:5inKrFAflxrqJhzaWTSWM2
Frank Medley,where we are,yes,0,spotify:album:0QFIIW6sw0A0veZgdqKXGi
Frank Ocean,DHL,,1,
Frankie Knuckles,Frankie Knuckles Presents: His Greatest Hits from Trax Records,,1,
Frankie Stew and Harvey Gunn,Breathing Exercises,yes,0,spotify:album:2fz0Euo0JCmgJhNxiDuAeu
Frankie Stew and Harvey Gunn,Handle With Care,yes,0,spotify:album:1vn8hnw31cGEZoHBmzbMRU
Frankie Stew and Harvey Gunn,The Lakes,,1,
François N'Gwa,Ogooué,,1,
Fred again..,adore u,,1,
Fred again..,Marea (we’ve lost dancing),yes,0,spotify:album:3AAwKutHRWyftJ2GrFdPX9
Fred again..,ten days,yes,0,spotify:album:3DQueEd1Ft9PHWgovDzPKh
Fred again..,USB,yes,1,spotify:album:3Jvz71ZoKZaTQbbQyXfHwT
Freddie Gibbs,Alfredo,yes,0,spotify:album:3znl1qe13kyjQv7KcR685N
Freddie Gibbs,Alfredo 2,yes,0,spotify:album:5WrpCQmbTUZuzNxGCPUFSV
Freddie Gibbs,Piñata (Deluxe Edition),yes,0,spotify:album:4Qvh33TMiFWZIOoSMcM4PM
Fredfades,Fruitful,yes,12,spotify:album:2Rcm64kJE24YhvmaLeK90n
Free Nationals,Beauty & Essex (feat. Daniel Caesar & Unknown Mortal Orchestra),yes,1,spotify:album:2HZuNcdyDP2IA2T7MtTWcv
Free Nationals,Eternal Light,yes,1,spotify:album:3JSJyzppxZlGxoqawHFgbj
Free Nationals,Free Nationals (Instrumentals),,1,
Free Nationals,Time,yes,1,spotify:album:5SEQL40XcXX1FUHtiqa8PG
Fruit Distro Collective,Some Kind Of Wisdom,yes,0,spotify:album:6uAMiLgcbEzp5gGfPuO419
Full Crate,A Storm on a Summers Day,,1,
Funny Weather,Funny Weather,,1,
Gabriels,Angels & Queens,yes,0,spotify:album:1WA44V7P0nv1spaWdsrxD2
Gabriels,Love and Hate in a Different Time,yes,0,spotify:album:5KiWKMCakVh0PBXr4kw5rS
Gabriels,Loyalty,yes,1,spotify:album:2xL4J6LXydISWt0BgsfGGp
Galaxians,Let the Rhythm In,yes,8,spotify:album:4SftoSTtpSC6zdPljnIgtk
Galcher Lustwerk,200% GALCHER,,1,
Galcher Lustwerk,Information,yes,0,spotify:album:4sXAvPGuK1PPUm5S8Obqs8
Galcher Lustwerk,Information (Redacted),yes,0,spotify:album:1aa9OKhgUTDd1YRITVjn12
Gareth Donkin,GEEK OUT!,yes,1,spotify:album:0pcNZasBNHBCU8MilSUv1X
GEE LEE,Nights That Never Happened,,1,
Geoffroy,Good Boy,,1,
Gerry Read,Timetable Vol. 2,,1,
Ghetts,Double Standards (feat. Sampha),,1,
Ghostpoet,Concrete Pony,,1,
Ghostpoet,Dark Days + Canapés,yes,12,spotify:album:1kjdKoY6fsbI11XH5SE4A3
Ghostpoet,Peanut Butter Blues and Melancholy Jam,yes,10,spotify:album:6jiLkuSnhzDvzsHJlweoGh
Ghostpoet,Shedding Skin,yes,10,spotify:album:7pmp7mopLSAChGiAlgQs2D
Ghostpoet,Some Say I So I Say Light,yes,11,spotify:album:0RnTrB38UPTc2dRS8eFwF5
Gianni Brezzo,New Magic,,1,
Gianni Brezzo,The Awakening,yes,0,spotify:album:4Ta3lNrlzHJVNsx7QpvAhe
Girls of the Internet,When U Go,,1,
Glass Animals,How To Be A Human Being,yes,11,spotify:album:6qb9MDR0lfsN9a2pw77uJy
Glass Animals,Leaflings,yes,4,spotify:album:0lUaIHoBEbk85zZz5oZT0y
Glass Animals,ZABA,yes,15,spotify:album:0dd6bX3CRdybDCgltyoItP
Glue Trip,Glue Trip,yes,8,spotify:album:77vBVSbov2E7xVdvsiZqYf
Glue Trip,Sea at Night,yes,9,spotify:album:48B40wKDeH5FEqnb3TTolA
glue70,Aerophobia,,1,
Godblesscomputers,Solchi,,1,
Godriguez,Vol.1 '14-'18,yes,1,spotify:album:65m38vif0vRkmen3euGxVI
GODTET,Cactus Dance,,1,
GODTET,Godtet,yes,1,spotify:album:5IEhOa9sZC7jyq9Vse747Y
GODTET,II,,1,
GoGo Penguin,A Humdrum Star,yes,11,spotify:album:5NX5qSuOWrMiksseVkwVnH
GoGo Penguin,Man Made Object,yes,13,spotify:album:10GN4IZi63LJ3CWbrG8f5e
GoGo Penguin,v2.0 (Deluxe Edition),yes,13,spotify:album:7hq5hwEkWFpjsRLYR9X3zS
Golden Rules,Golden Ticket,yes,13,spotify:album:1oJc9YDENIICqISDzrY9nZ
GoldLink,"And After That, We Didn't Talk",yes,11,spotify:album:3tlDQco8P9HFoR5CRC1BCj
GoldLink,At What Cost,yes,14,spotify:album:18JrBX1QkpnUSJF3oxX6RX
GoldLink,Diaspora,yes,0,spotify:album:3TdQHL32iyoKbGVxk9tlhS
GoldLink,Got Muscle (feat. Peewee Longway & WaveIQ),yes,1,spotify:album:2STQBFjZMi8in9qFJyjOzt
GoldLink,The God Complex,yes,11,spotify:album:312nhg8yOA9JbFKi0cNNky
Gorillaz,Demon Days,yes,15,spotify:album:0bUTHlWbkSQysoM3VsWldT
Gorillaz,Gorillaz,yes,17,spotify:album:4tUxQkrduOE8sfgwJ5BI2F
Gorillaz,Laika Come Home,yes,12,spotify:album:0yPLNfI8WPJWFoJugr0KAv
Gorillaz,Meanwhile EP,,1,
Gorillaz,The Mountain,yes,0,spotify:album:1RvJmGd47lKS4XMXs9j8hD
Gotts Street Park,On The Inside,,1,
Goya Gumbani,Warlord of the Weejuns,yes,0,spotify:album:0z9rMVfqz2MY5DLLyB7tSP
Goya Gumbani,When The Past Bloomed,yes,0,spotify:album:6wIW06DMo1Qj4YxayCPb2l
Greentea Peng,Loving Kind,yes,1,spotify:album:42lawMrFHnNzDNamsI5bkG
Greentea Peng,MAN MADE,yes,0,spotify:album:55UAEClz8M595uaN2PeHpX
Greentea Peng,Medicine,yes,1,spotify:album:0nqmHAOm9ROGX584UpD5Hx
Greentea Peng,RISING,yes,0,spotify:album:2H8Mzv6DpIEgPzUGYJSQES
Greentea Peng,Sensi,yes,6,spotify:album:3Ao8H4vwXhy9Y2ugQ6RIz2
Greentea Peng,Used to,yes,1,spotify:album:11cLS0Drwnd8R1Jxt5UVfs
GROUP,Everything I Know,,1,
Guts,Eternal (Deluxe Edition),yes,19,spotify:album:5pArlRpYhtTZNBkhvB65UY
Guts,Hip Hop After All (Deluxe Edition),yes,24,spotify:album:5YTPqFcfWAMccgkChYSavY
Guts,Paradise for All (Deluxe Edition),yes,14,spotify:album:0NLdUA0vjQP8pQr4CkO3pE
Guts,Philantropiques,yes,15,spotify:album:3fsnW79AlDwj2mF8HhnByU
Guts,Stop the Violence,yes,10,spotify:album:1uU8NMX37KsUQOlRYduc4M
Gábor Szabó,Live in Cleveland 1976,,1,
Haile Supreme,Elsewhere,,1,
Hailu Mergia,Lala Belu,yes,6,spotify:album:5daH3Ogui4BqvMrMLaEJ2Q
Hailu Mergia,Nefas New Zemedie,,1,
Hailu Mergia,Wede Harer Guzo,yes,10,spotify:album:6am5o1eJClWkXeh0Ex9HuL
hard life,houseplants,,1,
Harris Jayaraj,Unakkul Naane,,1,
Harrison Brome,Body High,yes,4,spotify:album:6wtqkbBbzs6Ty0vinoWz5E
Harrison Brome,Father Figure,yes,1,spotify:album:3mr7smjp8f452jctXIezWj
Harrison Brome,Fill Your Brains,yes,6,spotify:album:2kbtsIZRAC5BCI5eJUvSA1
Harrison Brome,I Know,yes,1,spotify:album:0uSPg4sXNqxoQwzQkHwO91
Harrison Brome,No More Love Songs,yes,4,spotify:album:7zS3nGaCkuFqyFwSWxHsp7
Harrison Brome,Shelter,yes,1,spotify:album:5GDUYhlSZ65wFZr0e8OrpL
Harvey Sutherland,Brothers,,1,
Headache,Miss Understood,yes,0,spotify:album:1hSNwF496ybl7F25PjHiqH
Headache,The Head Hurts but the Heart Knows the Truth,yes,0,spotify:album:3g16U5C8SE3xYybOaqF94x
Heavily Indicated,No Vaccine (COVID-1984),,1,
Hector Plimmer,Bossa B,yes,3,spotify:album:3wYOUaTl8WDBiU8HzdM4Rp
Hector Plimmer,Eastern System,yes,3,spotify:album:6slTylRK68FofbzpvpvX3W
Hector Plimmer,Sunshine,yes,10,spotify:album:7o9oCdUNj6lDAI2V0AEIfJ
Hector Plimmer,Sunshine Remixed,yes,13,spotify:album:6mOnRMjkSfm46KYqg5uRgd
Helado Negro,This Is How You Smile,yes,12,spotify:album:17LsQV3q3cgTBrat3D5JSv
Hemai,"Eyes, Closed",,1,
Hemlock Ernst,Back At The House,,1,
Henry Wu,Good Morning Peckham,yes,6,spotify:album:6KTjugVTdU5KCWUS1mDwqN
Henry Wu,Projections EP,yes,2,spotify:album:243Tsr9KUR7kiZTnglMwVk
Herbert,You Are Here,,1,
Herbie Hancock,Head Hunters,,1,
Hermanos Gutiérrez,Sonido Cósmico,yes,0,spotify:album:0FI8JaUH7kqtvM6EkmCm7t
Hiatus Kaiyote,Choose Your Weapon (Track by Track Commentary),yes,15,spotify:album:70bTTKctjTv2NMENX2JwrM
Hiatus Kaiyote,Get Sun,,1,
Hiatus Kaiyote,Make Friends,,1,
Hiatus Kaiyote,"Recalibrations, Vol. 1",yes,4,spotify:album:7EWi5y6EgXcW1TuW81Y3Yi
Hiatus Kaiyote,Tawk Tomahawk,yes,11,spotify:album:54UDcBALhfyaQ67fsSZrkQ
Hidden Spheres,Breathing Deep,,1,
Hidden Spheres,By & Bye,yes,4,spotify:album:2vQ4QiufVpOSAm8Ze8qicd
Hidden Spheres,It Ain't Easy,yes,2,spotify:album:6Xarp910ufnDRGSTsbOq8j
Hidden Spheres,Ruhani,,1,
Hidden Spheres,This is 4U,yes,4,spotify:album:2uzrlCX3uEAO7xHwlrBBsM
Hidden Spheres,Waiting,yes,4,spotify:album:0zGcOpLSpmGTJUcHRrNUJz
Hidden Spheres,Well Well,yes,5,spotify:album:6q6x9GDXtgJbqVo7J2a7WQ
Hidden Spheres,Words Can't Explain (feat. Oscar Jerome),yes,3,spotify:album:2VpaEUbULIarz9c23G2T9D
High John,Mellina,,1,
High Klassified,Law of Automata: Valid,,1,
Hiro Ama,Free Soul,,1,
HNNY,2014.12.31,yes,6,spotify:album:3pw1fE5XRqKpA5NtEBcngw
HNNY,Good,yes,3,spotify:album:4LBL3nNWnQhyLZVLMVePKV
HNNY,So Sunshine,,1,
HNNY,Solsidan / Alby,yes,4,spotify:album:25J95s9rzONXwBxPoLSf5J
HNNY,Sunday,yes,10,spotify:album:4VTOytGXwnkNkggIND58d8
HNNY,Ta Paus,yes,6,spotify:album:4sWUPjRnNBlT7GYfU9aPaU
Holodec,Timetable Vol. 2,,1,
Homer Banks,The Spirit Of Memphis (1962-1976),,1,
HONNE,Gone Are the Days,yes,7,spotify:album:4VYRDmgRCtl3gpDbfD4Agv
HONNE,Love Me / Love Me Not,yes,12,spotify:album:0fwZXPXf41aF6H0CN3UtXV
HONNE,Warm on a Cold Night,yes,28,spotify:album:0aWcnOSntyOxzNCxBksLW6
Howling,Sacred Ground,yes,12,spotify:album:18N57Dml4yz9hVjzr4mV5S
Hubert Daviz,diezel ep,yes,1,spotify:album:2fOrpCIBA6uVDpFbaVCuH3
Huerta,Junipero,,2,
Hugh B,Live from the Gonsch,yes,0,spotify:album:5VDr8XlnE6qrjp33S9ZxqN
Hunee,Hunch Music,,1,
Hypnotic Brass Ensemble,Late Night Tales: Bonobo,,1,
I Am An Instrument,"IAAI, Vol. 1",yes,2,spotify:album:7Gm73BVIjWgbBT21AoR57e
Idealism,rainy evening,,1,
Idealism,Somehow / Remember Me,yes,0,spotify:album:3lA0nAOkURWpTf6byiRnXv
Ill Camille,Heirloom,yes,16,spotify:album:5C7E0qmfzZ8w1BNV4hgLOY
Illa J,Home,yes,10,spotify:album:1BbdnH146ms3rXmaADSDL7
Illa J,John Yancey,yes,12,spotify:album:52ctDKXwDCGyL3wmqcckw8
Illa J,The Bakery,yes,4,spotify:album:42mjpvR4iBpnlwnIR9oSdH
Isaac Delusion,Couleur menthe à l'eau,yes,1,spotify:album:076pNg6TtQI8vEl1cMvPtV
Isaac Delusion,Rust & Gold,yes,12,spotify:album:12FsF7zGKN58k2VTlzwDAU
Isaac Hayes,Greatest Hits Singles,yes,12,spotify:album:6lNZfFXjy00SYu3w0HLMx0
Isaac Hayes,The Spirit Of Memphis (1962-1976),yes,39,spotify:album:25n6KfxQAYn5sQ8l5oy4Lm
Isaiah Rashad,The House Is Burning,,1,
Isaiah Rashad,The Sun's Tirade,yes,17,spotify:album:6jjX8mGrsWtrpYpFhGMrg1
Isatta Sheriff,Who Am I (eh-eh),,1,
Ishmael Ensemble,A State of Flow,,1,
Ivan Ave,Every Eye,yes,14,spotify:album:2MrQbr9UUhuxydwacCMftW
Ivan Ave,Helping Hands,yes,11,spotify:album:0aICyOA2b1l0eR6GwkFBT1
Ivan Ave,Triple Double Love,yes,0,spotify:album:08hMipss1iTzoAf9np3rTp
IZCO,TEK 5,,1,
iZem,Hafa,yes,8,spotify:album:6rZ1s8wfQHwrAD1Nd74vYW
J Hus,Big Conspiracy,yes,0,spotify:album:3ORNNahv0Z1IU0AKoliZwn
J Hus,Common Sense,yes,0,spotify:album:6fUnZqjU3bwBOZIsQ4kN1Q
J. Albert,Good Music Mixtape Vol. 3,,1,
Jab,Directions,,1,
Jack Harlow,First Class,,1,
Jack Vanzet,Empty Maps,yes,0,spotify:album:2066hORkkGXjLZagOm4x8f
Jacques Greene,Dawn Chorus,yes,0,spotify:album:3fDOKKGXHv4CsGCOTv4W3z
Jacques Greene,Feel Infinite,yes,11,spotify:album:2fPGTGLDiIzvE7tpUP5llL
Jacques Greene,Fever Focus,yes,6,spotify:album:30qym0cahQkHnaqdo3g0jq
Jad & The,Deep Dark Grimey Dancefloor Moment,,1,
Jadasea,half-life,,1,
Jadu Heart,Ezra's Garden,yes,6,spotify:album:2BtznmYidvZ9JQWhcmXVTZ
Jadu Heart,Forgotten Ghosts,yes,1,spotify:album:4QI9eafpsgg6eCUK0m06Z0
Jadu Heart,Purity,yes,1,spotify:album:5O4OWVyazFJnhpPl5MVtrH
Jadu Heart,The Gloom That Looms,yes,2,spotify:album:5AcqoD2K0dqVAec8dSsluz
Jafu,No More,,1,
Jai Paul,DJ-Kicks (Moodymann),,1,
Jai Paul,Do You Love Her Now / He,yes,2,spotify:album:6DnxZc9FT5qSMKKFDdviO2
Jake Milliner,Bernie Says,yes,0,spotify:album:3uzNzb1atgfho2sVeOezWe
James 'Creole' Thomas,Omas Sextet,yes,6,spotify:album:3eGnWZ0OV8oS8WPnPT0WMN
James Bailey,Shooting Star,,1,
James Blake,Assume Form,yes,13,spotify:album:3VpbXPsAOhcp3duHhkye8g
James Blake,Before,yes,0,spotify:album:5vqILcEeCT0N1DeJBsLrGE
James Blake,Death of Love,,1,
James Blake,James Blake,yes,19,spotify:album:4L9qXAXmnMEIvnvG8xon3F
James Blake,Overgrown,yes,10,spotify:album:53FEYOXnplxBWoQMmWn82U
James Blake,Playing Robots Into Heaven,yes,0,spotify:album:2ZwNcWl8h9blysDE8i4juL
James Blake,The Colour In Anything,yes,17,spotify:album:1WyrGCkFDlH1xPadZ5qTkL
James Blake,Trying Times,yes,0,spotify:album:16tV8wTfqPyA6Cu5dwJJPc
James Blake,You're Too Precious,,1,
James Vincent McMorrow,Post Tropical,yes,18,spotify:album:7xRrDSX4f6kGawLiRthDe6
James Vincent McMorrow,True Care,yes,15,spotify:album:66r41VuZ28ZoQU4voERSf7
James Vincent McMorrow,We Move,yes,11,spotify:album:65APtMH2VJTvX5TWeidCcl
Jamie Isaac,Loose Grip Mixtape,,1,
Jamie xx,In Colour,yes,11,spotify:album:0AVPusXNzK1jWwefBiPJ5I
Jamie xx,KILL DEM,,1,
Jamie xx,Treat Each Other Right,,1,
Janko Nilovic,Maze of Sounds,yes,0,spotify:album:6WWbQkQAv3YczhH34I3fv6
Javier Santiago,ReBirth - EP,,1,
Jay Prince,Beautiful Mercy,yes,8,spotify:album:35KEU8IE3AQW3ss6z7MJug
Jay Prince,black & gold,,1,
Jay Prince,Late Summers,yes,11,spotify:album:5ggRrxWIGZ5FaW03hj6H3Z
Jay Prince,Smile Good,yes,8,spotify:album:0js0LifyH653EoIQos9xv5
Jay Prince,THE WORD,,1,
Jay Prince,WONDER,yes,7,spotify:album:6uCVoOnmG7qsQ987NxJF7o
Jayda G,Diva Bitch,yes,3,spotify:album:4DbGbnIP25Mk48MFzbUSjC
Jayda G,Significant Changes,yes,12,spotify:album:7zPbZryxpiOOM7DNk6lqm6
Jazz Liberatorz,Clin D'oeil,,1,
Jazzbois,Higher Dimension Waiting Room,yes,0,spotify:album:2KeMi8LSHfFjstSAbt658A
Jazzbois,Jazzbois,yes,0,spotify:album:6uLHxiWNxJ49Dhx1du2uqO
Jazzbois,Mosquitoh,yes,0,spotify:album:2SxL3VudFqV54vWZ3zeQWk
Jazzbois,Phatt Fruity,,1,
Jazzinuf,Harlem Barber Swing 2,,1,
JD. REID,Tree,yes,0,spotify:album:5VYBnNrUIReQhjSu4Nmd3h
Jelani Blackman,The Heart of It,,1,
Jembaa Groove,Sweet My Ear,,1,
Jerry Paper,Like a Baby,yes,13,spotify:album:1rq7GrGpTk2bK81uj6N8YJ
Jespfur,Condition,,1,
Jesse James Solomon,Didn't Pass (feat. Maya),,1,
jev.,the color grey.,,1,
Jianbo,Mongkok Madness,,1,
JID,The Forever Story,,1,
JIIN,Timetable Vol. 2,,1,
Jim Legxacy,aggressive,,1,
Jitwam,DJ-Kicks (Moodymann),,1,
Jitwam,Honeycomb,,1,
Jocelyn Brown,Somebody Else's Guy,yes,12,spotify:album:1i9CNuSkxDYZvRMLrxBbOV
Joe Armon-Jones,Archetype,yes,0,spotify:album:7AqLjQcZ6jnbTkFTU5mdeI
Joe Armon-Jones,Starting Today,yes,0,spotify:album:2QFHWiIMEbWmmI3iQoHVJ0
Joe Armon-Jones,Starting Today in Dub,yes,0,spotify:album:09QYgg072oiaX7vlIKx2a5
Joe Armon-Jones,Turn to Clear View,yes,0,spotify:album:4yws2FxiYwtH0rhSCe651X
Joe Armon-Jones,We out Here,,1,
Joe Beard,Enjoy The Ride,,1,
Joe Goddard,Kinetic,yes,1,spotify:album:4NlMkJ0cq4Rns60WBSTpiU
Joe Goddard,Taking Over,,1,
Joeski,DJ-Kicks (Moodymann),,1,
Joey Bada$$,1999,yes,15,spotify:album:5ra51AaWF3iVebyhlZ1aqq
Joey Bada$$,B4.DA.$$,yes,17,spotify:album:1rJXQEZ5DnUalRSPB3R0WO
John Beltran,fabric presents Bonobo,,1,
John Carroll Kirby,Septet,yes,0,spotify:album:2y6wLCRuqOHjcLLt7THlTQ
John Glacier,Ocean Steppin',,1,
John Keek,Do You Love John Keek?,yes,0,spotify:album:6UDOx7cxZDuhchdmJut8I2
John Keek,If + When,yes,0,spotify:album:0EY8uofCdZE9Ipfv2o5PKU
John Talabot,Studio Barnhus Volym 1,,1,
Johnnie Taylor,The Spirit Of Memphis (1962-1976),,2,
Jon Sable,Alishan Forest Railway / Housework,yes,2,spotify:album:2PHziIa169ntRXzRJV3uXI
Jon Sable,False Awakening / Scumbag Unity,,1,
jonatan leandoer96,Nectar,,1,
Joomanji,Manj,yes,0,spotify:album:2QDH2m1uJk9A2BVcl1I8K3
Jordan Rakei,Cloak,yes,13,spotify:album:6iuOPJ2AAEdG71e5Y1mDMy
Jordan Rakei,Origin,yes,0,spotify:album:7fn4t6YrZzqowiab2fugQK
Jordan Rakei,Origin (Deluxe Edition),yes,0,spotify:album:6vlatUhYlcoUkMfNIvmtLE
Jordan Rakei,Say Something,yes,2,spotify:album:4NxOn5zVNIZiLODN8t5hbb
Jordan Rakei,Unguarded,yes,0,spotify:album:3YJWBkSP4HvPFrPZ1gVYuY
Jordan Rakei,Wallflower,yes,11,spotify:album:0YLgOv4Fi0UK3uKonJcdet
Jordan Rakei,What We Call Life,yes,0,spotify:album:6Ifae2tRjg49lTQ9390iOD
Jorja Smith,Lost & Found,yes,12,spotify:album:3AlSuZnX4ZCab8eoWnnfbm
Jorja Smith,Rose Rouge,yes,0,spotify:album:22cvF1LVMD3IUQeKE42r1s
José González,DJ-Kicks (Moodymann),,1,
José González,In Our Nature,yes,11,spotify:album:10mU2KLQjaan9u5JEUmKey
José González,Veneer,yes,11,spotify:album:7M6XGBvDi3smtRuPUkrqsG
José James,ザ・ドリーマー,,1,
Jourden,Flow,,1,
Joy Orbison,"flex fm (freddit) feat. Future, Lil Yachty, Playboi Carti",,1,
Joy Orbison,still slipping vol. 1,yes,0,spotify:album:5atrOg1aO4d5KEcYo4UBIA
JPL,Say What You Want,,1,
Juan Rios,Marula,,1,
Judy Clay,The Spirit Of Memphis (1962-1976),,1,
JuJu Rogers,Lost in Translation,yes,10,spotify:album:03FXnArG7vfxSdnVygI6xx
Julien Dyne,DJ-Kicks (Moodymann),,1,
Jungle,All Back To: Jungle,,1,
Jungle,Come Back a Different Day (Back to Mine Exclusive),,1,
Jungle,For Ever,yes,13,spotify:album:1VZxGX1lzF1QjY5QofhC5r
Jungle,Jungle,yes,12,spotify:album:6IH6co1QUS7uXoyPDv0rIr
Jungle,Keep Moving,,1,
Jungle Brown,Full Circle,yes,0,spotify:album:4Ckwpc1ElNFw6sXiYHt6jE
JVCK JAMES,Easier Done Than Said,,1,
JXMESC,tragic (FREESTYLE),,1,
"K, Le Maestro",Solitude,,1,
K.O,SR3,,1,
K.O.G,Wahala Wahala,,1,
K15,Sunbeams,,2,
K15,Vol. 1,,1,
Kaitlyn Aurelia Smith,Late Night Tales: Floating Points,,1,
Kamaal Williams,Catch The Loop,yes,1,spotify:album:368mjcy1yPYII8GP9dwihb
Kamaal Williams,New Heights / Snitches Brew,yes,2,spotify:album:3TqB5ydkml7lDxYbv7vVSN
Kamaal Williams,The Return,yes,10,spotify:album:3hoqy9LEMxDbv0QBKEBVqQ
Kamasi Washington,Harmony of Difference,yes,6,spotify:album:1mFuFPBz9kBDdXylMNolu7
Kamasi Washington,Heaven and Earth,yes,16,spotify:album:5mG7tl4EW2xrTy5rI8BgGL
Kamasi Washington,The Epic,yes,17,spotify:album:2j2q2ySuVk43eHB8wI5XQj
Kamasi Washington,Truth,yes,1,spotify:album:4l4tKi4qr6xQzK85rrR5LM
Kara-Lis Coverdale,Late Night Tales: Floating Points,,1,
Kareem Ali,Black Love,yes,0,spotify:album:5GSLZNVwAiTaBRnmEQf19T
KAYTRANADA,99.9%,yes,15,spotify:album:1dZZh7PvVgce1DDsDPzy8Z
Kazam,0.1 & 0.2,,1,
Kendrick Lamar,DAMN.,yes,14,spotify:album:4eLPsYPBmXABThSJ821sqY
Kendrick Lamar,"good kid, m.A.A.d city",yes,17,spotify:album:748dZDqSZy6aPXKcI9H80u
Kendrick Lamar,Mr. Morale & The Big Steppers,yes,0,spotify:album:79ONNoS4M9tfIA1mYLBYVX
Kendrick Lamar,The Heart Part 5,yes,0,spotify:album:5XClh485CRBIIKaNXWWt7Z
Kendrick Lamar,untitled unmastered.,yes,8,spotify:album:0kL3TYRsSXnu0iJvFO3rud
Kevin Abstract,ARIZONA BABY,yes,11,spotify:album:6wi40lIjhukePWyXRKY7qO
KH,Only Human,,1,
Khruangbin,A LA SALA,yes,0,spotify:album:1PeC1ckDJSzYHkwo6JHbP2
Khruangbin,Con Todo El Mundo,yes,10,spotify:album:09AkhNYWocEZWbeYl1YBf7
Khruangbin,Late Night Tales: Bonobo,,1,
Khruangbin,Mordechai,,1,
Khruangbin,Pon Pón,,1,
Khruangbin,Summer Madness,,1,
Khruangbin,The Universe Smiles Upon You,yes,10,spotify:album:2OPcQNLP8DQVumD8kBRAH3
Kibrom Birhane,Here And There,,1,
Kid Bloom,A Long Kiss Goodbye,yes,8,spotify:album:4I1p9GbBnm0i0TLwB5fCBR
Kid Katharsis,Future Bubblers 1.0,,1,
Kiefer,Bridges,yes,6,spotify:album:2Z8m1cyGRYeT6iguINKBtN
Kiefer,Happysad,yes,13,spotify:album:7t0S1JQpSHsZftfzVQWW2a
Kiefer,Kickinit Alone,yes,12,spotify:album:1rz5xQApr7dLdAEuZeKLnD
Kiefer,Superbloom,yes,0,spotify:album:5ubrkzGWOXlXEDa5mMGRIy
Kiina,Lives Wide Shut,yes,0,spotify:album:6sPuB7HmmCXXHZKeLCwhlI
Kiina,The Lesser-Known,yes,1,spotify:album:3bCuJCHz1NNEbgyibIjTgh
Kiki Gyan,Late Night Tales: Badbadnotgood,,1,
King Garbage,Make It Sweat,yes,8,spotify:album:0BYuGFSuVMx7fdJ2Jr1zgt
King Krule,(Don't Let The Dragon) Draag On,,1,
King Krule,6 Feet Beneath the Moon,yes,15,spotify:album:6DAL46eCFRxgj624atbOYY
King Krule,SHHHHHHH!,yes,0,spotify:album:1zvvdEwZHfPQvLsADalPmf
King Krule,Space Heavy,yes,0,spotify:album:36tUlc8fGxaUTv4cLmC9UJ
King Krule,The OOZ,yes,19,spotify:album:2Xx8ZUbuoyKnDgHh6Ot4xk
Kings Of Tomorrow,DJ-Kicks (Moodymann),,1,
Kiran Kai,Muesli,yes,1,spotify:album:0DcIcM19Wt9qY5i4KOxXsp
Kiran Kai,Overthrown,yes,1,spotify:album:3QkOIqIPznMPCO5LrLG2YA
Kiran Kai,TRIPS,yes,0,spotify:album:2TRz8idgqNwltC9fLeWsvy
Kiran Kai,Ultradiction,yes,1,spotify:album:7DCXegfUl7Xs41C8qeBBQz
Kiran Kai,What Holds The Ground Up?,,1,
Kiran Kai,XYZ,,2,
Klanger,Maxfield Ave Blues,,1,
Klanger,Touchy,,1,
Knowsum,Rollin',,1,
Koastle,Stay Close,,1,
Kodak Black,Project Baby 2: All Grown Up,,1,
Kofi Stone,Child of God Flow,,1,
Kofi Stone,Nobody Cares Till Everybody Does,,1,
Kojaque,Deli Daydreams,,1,
Kojey Radical,23Winters,yes,10,spotify:album:3qbfrKvJwPHN18VzgBZu1N
Kojey Radical,Can't Go Back,yes,1,spotify:album:1XlSl9jsoWmS9qbZLHvsme
Kojey Radical,In Gods Body,yes,13,spotify:album:1GgYAlgZeF91MzCUH8WGTk
Kokoroko,Just Can't Wait,,1,
Kokoroko,KOKOROKO,yes,4,spotify:album:7MeDqREJNAU5D80vI2xCol
Kokoroko,Tuff Times Never Last,,1,
Kokoroko,We out Here,,1,
Koralle,Fonografie,,1,
Kornél Kovács,Stockholm Marathon,yes,8,spotify:album:1y8E97vb4VzPzXZnsFO5Jy
Kornél Kovács,Studio Barnhus Volym 1,,1,
Kornél Kovács,Szikra,,1,
Kornél Kovács,The Bells,yes,10,spotify:album:1K4HO2nKwsJfZd0QmJqA60
Kukbeatz,All of Us,,1,
Kumail,All Night / Without You,yes,0,spotify:album:2FFcftlYs2w8Usx7zNpAq3
Kumail,From You to Blue,yes,7,spotify:album:5Rwoaw8pU2jERQOUBRuTBS
Kumail,Mudbrown,yes,0,spotify:album:4uwncsJAPlSJ34JNJGbDRK
L'Orange,The Night Took Us in Like Family,,1,
Lady Alma,DJ-Kicks (Moodymann),,1,
Lance Skiiiwalker,In the World,,1,
Lapalux,Late Night Tales: Bonobo,,1,
Lapalux,Lustmore,yes,13,spotify:album:4gcQlf421a5ydYH65ncTrU
Lapalux,Nostalchic,yes,12,spotify:album:7ulpsKEswNymVbOvsyK0yV
Larry June,Life Is Beautiful,yes,0,spotify:album:7KldyyeQxbaR4oXtMprIJD
Larry June,The Great Escape,yes,0,spotify:album:1AJrpzYu5KAbDSvmyiIUhr
LAUREL,DOGVIOLET,yes,12,spotify:album:6CIanwE77USA9tyvHJ5TZF
LAUREL,Life Worth Living,yes,4,spotify:album:2BDlbjMfJqnDVxdJuRbt4t
Lauren Laverne,Late Night Tales: Floating Points,,1,
Laurence Guy,Making Music Is Bad For Your Self Esteem,yes,6,spotify:album:2uM2WWarpblam6YIsk9pAo
Laurence Guy,Mutual Excitement is a Wonderful Thing,,1,
Laurence Guy,On Your Side,,1,
Laurence Guy,Saw You for the First Time,yes,10,spotify:album:5P6H4kEva65eEr6pMJEqoJ
Laurence Guy,The Sun Is Warm and Directly Above You,yes,0,spotify:album:4Udumqsv1U3QVeND9tqVp1
LAUSSE THE CAT,"The Girl, the Cat and the Tree",yes,1,spotify:album:1AcEefqM581yXb7fo0YFyx
LB aka LABAT,Fake Memories,yes,17,spotify:album:6Kf7qoZroav3nMjWvMXRtQ
LB aka LABAT,The Scanner - EP,yes,4,spotify:album:3RE2TIWmfxvYQGBG1sytLA
Leif Vollebekk,Twin Solitude,,1,
Leifur James,A Louder Silence,yes,10,spotify:album:3tzXRcnAwVNJeIWxxvlGg2
Leifur James,Wise Old Man,,1,
Leifur James,Wurlitzer,yes,1,spotify:album:0mfitPoE1oWjDfmX48fOl3
Leon Vynehall,In Daytona Yellow,yes,0,spotify:album:0uxwDrSCeLR4coJ1xT9F0U
Leon Vynehall,Nothing Is Still,yes,10,spotify:album:6WeIO0CpDMiMXTglv0KuLr
Leon Vynehall,Sugar Slip (The Lick),,1,
Les Mamans du Congo,Les Mamans du Congo & Rrobin,yes,0,spotify:album:0SRBxt9uf1pJAzDXelZl01
Les Prospection,Late Night Tales: Badbadnotgood,,1,
Les Sins,DJ-Kicks (Moodymann),,1,
Les Sins,Michael,yes,11,spotify:album:16PFsm0wvfvsv2pEE6eies
letherette,"Brown Lounge, Vol. 1",yes,36,spotify:album:3JpQDIxpwYI3a5TaerraIm
letherette,"Brown Lounge, Vol. 2",yes,22,spotify:album:6flRLLhSbjidWYePF1UQvv
letherette,"Brown Lounge, Vol. 3",yes,18,spotify:album:1X5N5NLAcHE6sa7bKNET9n
letherette,"Brown Lounge, Vol. 4",yes,17,spotify:album:22671QHSx0hJkK1fE525K3
letherette,Last Night On The Planet,yes,10,spotify:album:0NpwducEL7pD1Rb6gYGxXR
Lex Amor,Government Tropicana,yes,0,spotify:album:3tkuw54Om8cV7UveFHFiRM
Lex Amor,Mood,,1,
Lex Amor,Pink,,1,
Lex Amor,Transits,,1,
Lexa Gates,Angel,yes,1,spotify:album:2ZqwYRYdC9I17viDXXnQBA
Lexa Gates,Provider,,1,
Lianne La Havas,Blood,yes,10,spotify:album:1Fh5Y8ldo4PIW8Ija51BRK
Lifafa,Jaago,yes,8,spotify:album:6tldEdeKb9lNx13WArpPRJ
Lifafa,Superpower 2020,yes,0,spotify:album:2ey1GnFSMrqu2QWbyjt4WE
Life Is Better Blonde,Fires,yes,1,spotify:album:3jNs9DGOkgD4xaQ44GgCA5
Life Is Better Blonde,Follow Me,yes,1,spotify:album:0MGkitPRO5db1Q4bX7k4aZ
Life Is Better Blonde,Mine,yes,1,spotify:album:6b1x8xqwp2MhlUC13efoew
Life Is Better Blonde,My God is Not Going to Like You,yes,1,spotify:album:0ycY1YKAlAYmQLSKPCy4c5
Life Is Better Blonde,Space + Tyres,yes,5,spotify:album:1tmLIVL8UN3MgefEAG38Yj
Life Is Better Blonde,Strange Organism,yes,1,spotify:album:6823ijlCeD984t4xC6ipH3
Life Is Better Blonde,Swim Good,yes,1,spotify:album:2mTUWZ6pmKLMWw8dNrtTeo
Limandi,FUCK. IT.,,1,
Lime,"Babe, We’re Gonna Love Tonight",,1,
Lipka,Grande giocatore,,1,
Little Dragon,DJ-Kicks (Moodymann),,1,
Little Dragon,Little Dragon,yes,12,spotify:album:34AtsFexhxnKPVJFtLIN1I
Little Dragon,Machine Dreams,yes,11,spotify:album:1223HNo18fRbvEKxMgiSa7
Little Dragon,Nabuma Rubberband,yes,12,spotify:album:2xraUs1k7Hct24Jg2C2QR5
Little Dragon,Ritual Union,yes,11,spotify:album:1BQVdofe7ROnSoaiC9418p
Little Dragon,Season High,yes,10,spotify:album:5WQJ8sVhjbhhQ0ReiilyO2
Little People,Landloper,yes,13,spotify:album:2CWceqwh0iJQr77nxW8oxM
Little People,Mickey Mouse Operation,yes,14,spotify:album:2ULdmAtiIIn5xok5YCVGpk
Little People,We Are but Hunks of Wood,yes,17,spotify:album:4moC5P8pHXVqq6vtFaetlP
Little Simz,GREY Area,yes,10,spotify:album:4Wwm4xg2748zhYuzDRFTgY
Little Simz,NO THANK YOU,yes,2,spotify:album:57263zG8Md6XZ9lBUPPYCm
Little Simz,Sometimes I Might Be Introvert,yes,0,spotify:album:4nOym5RKE8Opauf3rMxPAW
Little Simz,Stillness In Wonderland,yes,23,spotify:album:6uMKb8DaGGTHOjt9lBK7XL
Little Simz,Young,yes,1,spotify:album:3kA6SPFnEBihAT9IfCQ4vY
Lizzie Berchie,Under the Sun (Deluxe),,1,
Loaded Honey,Homemade Gun,,1,
Loaded Honey,Lessons,,1,
Loaded Honey,Love Made Trees,yes,0,spotify:album:6opNybHCZ3HMLtbp8crFAa
Loaded Honey,Only Gonna Let You Down,,2,
Local Artist,Dancer,,1,
Logic1000,DJ-Kicks: Logic1000,yes,1,spotify:album:6TTv31Q89IYhRzxTVrENNx
Logic1000,Safe In My Arms / YourLove,,1,
lojii,DUE RENT,,2,
Lola Young,I’m Only F**king Myself,yes,0,spotify:album:5jUCvcrzCNng7N3iNVY4ts
Lola Young,This Wasn't Meant For You Anyway,,1,
Lonnie Liston Smith,Expansions,,1,
Lord Akira,La Luna,,1,
Lord Apex,Em3,yes,1,spotify:album:5wW3o43OtcSlqoTKDSG8uC
Lord Apex,"High Stakes, Low Ryder",yes,20,spotify:album:5QBnvPniMDCrcPu3iShmlg
Lord Apex,S.O.I.L.,yes,5,spotify:album:6mBAiazltKovcuXAWEt8Gc
Lord Apex,"Smoke Sessions, Vol. 2",yes,9,spotify:album:6THbQCrcTyMbrU8FHfH1Ol
Lord Echo,Curiosities,yes,10,spotify:album:6OIyg3A7f7jy7ASjUNN8uK
Lord Echo,Harmonies,yes,10,spotify:album:08gaJDLvSafVxpaaZCo9Pm
Lord Echo,Melodies,yes,11,spotify:album:321yVLOxEIaALmZVvVxYzD
Losian,Marian Court,,1,
Louf,Infinity Room,,1,
Louis VI,Lonely Road of the Dreamer,yes,8,spotify:album:72QgaxlIeNeL3puohttzuA
Louis VI,SUGAR LIKE SALT,yes,14,spotify:album:0eeaR1oyRAFtre0WoxPJSg
Low Flung,Blow Waves,,1,
Low Flung,Type-D,,1,
Loyle Carner,hugo,yes,0,spotify:album:3McfY0EGNjsrVdYa9ZnoSH
Loyle Carner,"Not Waving, But Drowning",yes,15,spotify:album:1kokRXXxrJzhxdMo0vsVDV
Loyle Carner,Yesterday's Gone,yes,15,spotify:album:6wjryxtrKxzTZID9kyZUV5
Loz Goddard,Signals EP,,1,
Lukah,When The Black Hand Touches You,yes,0,spotify:album:2dd94i8djBCpWFRdV8mSzy
Lukas Nystrand von Unge,Studio Barnhus Volym 1,,1,
Lydia Lunch,Late Night Tales: Badbadnotgood,,1,
Lynda Dawn,At First Light,yes,0,spotify:album:4I9AeFfwOCjPd8s4l6xoeJ
Låpsley,Long Way Home,yes,12,spotify:album:6yhHW85d9Z6D3uyvLZSZxI
Låpsley,These Elements EP,yes,0,spotify:album:3d33WZ6KvpR8ua5otFWeR0
Mable John,The Spirit Of Memphis (1962-1976),,1,
Mac DeMarco,2,yes,11,spotify:album:7x6wYKbZUU2BL3N8ZWwM3q
Mac DeMarco,Guitar,yes,0,spotify:album:2T7O7QJnesN3l3iPX1NAZY
Mac DeMarco,Here Comes The Cowboy,yes,12,spotify:album:67PsnkYVPNpEsZffyTWGgW
Mac DeMarco,Phantom,,1,
Mac DeMarco,Salad Days,yes,11,spotify:album:1l9d1Zj9Iv2eOcdObVhdMy
Mac DeMarco,This Old Dog,yes,13,spotify:album:6XzoFb3hP14jVQeCMRdVJR
Mac Miller,Best Day Ever,yes,16,spotify:album:2R675piJsc1NSa9lJWu779
Mac Miller,Mac Miller,yes,10,spotify:album:07RagZtMuBbLBnaWJbD52h
Mac Miller,Swimming,yes,13,spotify:album:5wtE5aLX5r7jOosmPhJhhk
Mac Miller,The Divine Feminine,yes,10,spotify:album:6f6tko6NWoH00cyFOl4VYQ
Madalyn Merkey,DJ-Kicks (Mount Kimbie),,1,
Madlib,Road Of The Lonely Ones,yes,0,spotify:album:28MiwOX8Od693aOkUnEgsf
Madvillain,Four Tet Remixes,yes,10,spotify:album:39qfFzn2Cii6N0AdAXdg9p
Madvillain,Madvillainy,yes,22,spotify:album:01FCoGEQ3NFWF4fHJzdiax
Madvillain,Madvillainy 2: The Madlib Remix,yes,25,spotify:album:3giQKi73ayOnj7jxGevJwg
Maisha,We out Here,,1,
Makèz,Arriving Home Elsewhere,,1,
Malaki,Head Highs,,1,
Mama Odé,Typik Morisien,,1,
Man Tear,Studio Barnhus Volym 1,,1,
Manga Saint Hilare,Contraband,,1,
Manga Saint Hilare,Future Deluxe,yes,0,spotify:album:5sDBBpHQMldOkfycIkAImT
Mansur Brown,Shiroi,yes,0,spotify:album:4fL2WmOafyMnGU9i7svCLy
Marc Rebillet,Europe,yes,0,spotify:album:7enf8N80zkItX4M2IL0TW7
Marc Rebillet,Loop Daddy,,2,
Marc Rebillet,Loop Daddy II,yes,0,spotify:album:6az6E5eFnACAA4l9TiHuOq
Marc Rebillet,Marc Rebillet,yes,0,spotify:album:1HHoL2upjPzipKAz2csViQ
Marcellus Pittman,DJ-Kicks (Moodymann),,1,
Marco Bernardi,DJ-Kicks (Mount Kimbie),,1,
Maribou State,Hallucinating Love,yes,0,spotify:album:6NyoU5F25y1I7V9fqbKqy9
Maribou State,Kingdoms In Colour,yes,13,spotify:album:70FGsJuLXPQHYdKmEZZFq9
Maribou State,Kingdoms In Colour Remixed,,1,
Maribou State,Portraits,yes,10,spotify:album:4nNZ5UJCzhlfJbip0SDLI1
Matt Karmil,Sourced,,1,
Matt Martians,The Drum Chord Theory,yes,12,spotify:album:5S0Zmc2gRC0BiS8sGaWLaH
Matt Martians,The Last Party,yes,8,spotify:album:4GXctjI9VkgGI0YDrMOebH
Matthew Bourne,Late Night Tales: Bonobo,,1,
Matthew Halsall,Harmony with Nature,,1,
Matthew Halsall,Into Forever,yes,11,spotify:album:7klGigU0pxgmHH3cgru6Hk
Matthew Halsall,Late Night Tales: Bonobo,,1,
Matthew Halsall,On The Go (Special Edition),yes,9,spotify:album:1pBVzbZMxcvUQwgDmRwpZb
Matthew Herbert,Need To Run,,1,
MAVI,Let the Sun Talk,,1,
Max Graef,Rivers Of The Red Planet,yes,0,spotify:album:5qIMEIpBv6LdfN1Ru4fT0N
Max Roach,Late Night Tales: Floating Points,,1,
Maxo Kream,WEIGHT OF THE WORLD,,1,
Maxwell,Maxwell's Urban Hang Suite,,1,
Maxwell Owin,Come With the Ragga,,1,
Me and My Friends,Hide Your Way,yes,7,spotify:album:7bgB72uTd9YMoWeqdV9Bbe
Me and My Friends,Look Up,yes,9,spotify:album:3sL5fiUovDs746huOpGnWG
Medhane,Own Pace,yes,0,spotify:album:0czo1O9HGah98KpGYDEM7h
Medikul,Future Bubblers 1.0,,1,
mello,grime x soul,yes,0,spotify:album:7knJOdjmcQvSuvCyYSW9Ir
mello,grime x soul 2,yes,0,spotify:album:2zs3nANH2czFTESJXrrufm
mello,grime x soul 3,yes,0,spotify:album:7MBQlR64668PB2yWY04j6H
Melo-Zed,Eleven,,1,
Melodiesinfonie,A Journey to You,yes,12,spotify:album:6oL8GBIZvqBrzmMm0l5S8O
Melodiesinfonie,Be Thankful,yes,13,spotify:album:1Ua2eMYJabTwma32sHryhL
Melodiesinfonie,Ensnared,,1,
Melodiesinfonie,Fragments,,1,
Melodiesinfonie,Pictures of Your Face,,1,
Melodiesinfonie,Sichtexotica IV,yes,8,spotify:album:681NjmsN5DfULNa1wACxkH
Melodiesinfonie,Unreleased Jass,yes,35,spotify:album:13Y044449ldMVI6AtmjpJy
Men I Trust,Billie Toppy,,1,
Men I Trust,Headroom,yes,10,spotify:album:4gUbxHmLI5e9ygyg1iLynP
Men I Trust,I Hope to Be Around,yes,1,spotify:album:4OqfHIkDgJvfaofeQO6Cu2
Men I Trust,Lauren,yes,1,spotify:album:3rlpbpAzZUayIquPKgqpfX
Men I Trust,Numb,yes,1,spotify:album:1HMR6PG5Su7p0JjRws7NBb
Men I Trust,Plain View,yes,1,spotify:album:5nZ4ikVXoB0kWdcfZlgxtM
Men I Trust,"Say, Can You Hear",yes,1,spotify:album:6rQixYcPsSviu4PfdprZgK
Men I Trust,Seven,yes,1,spotify:album:3HdIy1njUneWoE5pWy4lEY
Men I Trust,Show Me How,yes,1,spotify:album:75IgpYGNlc8KmwZ9FlTtJg
Men I Trust,Tailwhip,yes,1,spotify:album:7eJd4HvbzBoufq7pnKAIiy
Men I Trust,You Deserve This,yes,1,spotify:album:56IKG92yNFAe2TqiRQya8Y
Menahan Street Band,Late Night Tales: Bonobo,,1,
MF DOOM,BORN LIKE THIS,yes,22,spotify:album:6AviMNhTggWeJJ0sFCsc5g
MF DOOM,Coco Mango (FloFilz Remix),,1,
MF DOOM,MM...FOOD,yes,15,spotify:album:7IvmRtuLsTlRZhRS6KUQRn
MF DOOM,Operation: Doomsday (Complete),yes,42,spotify:album:4UG3kz6qoHtNI1glQ2wdon
MIKE,Faith Is A Rock,yes,0,spotify:album:5LzrYv4MeoOg4a9sSkyCQQ
Mild Orange,Foreplay,yes,11,spotify:album:63owNfr6ha16jnJWWIvh6z
Miles Davis,Everything's Beautiful,yes,11,spotify:album:0DI27qIRQRFkXrMvHxj9yh
Milo,A Toothpaste Suburb,yes,16,spotify:album:473XKZtu5RvkSrFNfD3C7p
Milo,budding ornithologists are weary of tired analogies,yes,15,spotify:album:3zpqrdlGcWd5Cd5eYGKDtD
Milo,So The Flies Don't Come,yes,10,spotify:album:5nBL9MJhWImk6M8S3Pev8Q
Milo,things that happen at day // things that happen at night,yes,13,spotify:album:3rwIl0gcVk8mSTg1s9Q4NB
Mk.gee,Pronounced Mcgee,,1,
MMYYKK,Mellow Moods & Meditations,yes,1,spotify:album:6Ak8XgfAWJnH26U3rWZ7YJ
MMYYKK,Science,yes,0,spotify:album:2QgfmUp4i2J2lB1oDK9Jj3
Mndsgn,Body Wash,yes,17,spotify:album:2eiLhXlb9W5aiVdEtT8ZRl
Mndsgn,Snaxx,,1,
Mndsgn,Surface Outtakes,yes,9,spotify:album:1CSGvKhdEu5wL0QXpqbYY0
Mndsgn,Yawn Zen,yes,12,spotify:album:5UNxfgrTnkQeVxFSdkAbCp
Mo Kolours,Inner Symbols,yes,14,spotify:album:3tpRjh0X1vyKIqQi1pav6s
Mo Kolours,Mo Kolours,yes,18,spotify:album:15seClV2IRmKITKzHaQIFa
Mo Kolours,Texture Like Sun,yes,19,spotify:album:7MUGLrHZiqTIJ8uGSeABS8
Model Man,Beta Songs,,1,
Model Man,"City Songs, Pt. I",yes,5,spotify:album:2oxEhxDgeiNpLFcIvTV8au
Modha,Harzer Straße,,1,
Monday Night,Good Company,yes,0,spotify:album:02fWoTpbvMxNPNovxENfBW
Moods,Where I Met You,,1,
Moods,Wildfire,,1,
Moodymann,Black Mahogani,yes,10,spotify:album:224OuhZ1LThmaYGhD8ikq6
Moodymann,DJ-Kicks (Moodymann),yes,0,spotify:album:2x7qZE2WccELB40xcBY88x
Moonchild,Little Ghost,yes,0,spotify:album:0qsZRpvWYP6fkuosOaGo0D
Moonchild,Too Much to Ask,yes,0,spotify:album:4NOk7m3ZBUYoaHpJ7gkmCf
Moonchild,Voyager,yes,13,spotify:album:3Q4mnXDUcVMhx3AVRCbcgi
Moonchild,Waves,yes,0,spotify:album:0en3QfglBdW6b0Ho9YoNRT
Moonilena,Studio Barnhus Volym 1,,1,
Moses Boyd,We out Here,,1,
Moses Ideka,Cast Out,,1,
Moses Ideka,Won't Be Waiting,,1,
Mosley Jr,Lonestar Retreat,,1,
Mount Kimbie,Cold Spring Fault Less Youth,yes,11,spotify:album:6ETAoJJ5NhxsGyD53cHApT
Mount Kimbie,Crooks & Lovers,yes,11,spotify:album:22shOa6UBod9o1HHe0JPmr
Mount Kimbie,DJ-Kicks (Mount Kimbie),yes,2,spotify:album:4ptIoJvhXyOBhkrgdAvWL0
Mount Kimbie,Love What Survives,yes,11,spotify:album:54FblbvyHNrWeAuEJqnyit
Move 78,Follow the Earworm / Hectic As...,,1,
Munro,Future Bubblers 1.0,,1,
Mura Masa,Curve +1,,1,
Mura Masa,Mura Masa,yes,13,spotify:album:0NBTBo1qrg554sAj79nEqD
Mura Masa,Someday Somewhere,yes,7,spotify:album:6ltLI77XvUOwApSWpZbUGE
Mura Masa,Soundtrack To A Death,yes,14,spotify:album:5FbhsjMFQXjb1BqbVtTrHc
Mura Masa,Still,yes,0,spotify:album:4VkpzC01x4AbUMVP7bJi4X
Myles Morgan,Ikywc,,1,
møziz,E-Møtion: Time Machine + Cycles,,1,
N.Y House'n Authroity,DJ-Kicks (Mount Kimbie),,1,
Nala Sinephro,Endlessness,yes,0,spotify:album:51CQQ3tQLRZlZJZ5jcpoGE
Nala Sinephro,Space 1.8,yes,0,spotify:album:5Svfamp6qQ2IfLVNVICpVm
namesbliss,Iniesta Flow,,1,
NATE08,Hold Up,,1,
Natureboy Flako,Andar Y Volar,,1,
Natureboy Flako,Natureboy,yes,16,spotify:album:28A4sioXLOlDoNmRlMyhqz
Natureboy Flako,Theme For A Dream,yes,8,spotify:album:0pvJYFmGaaB74zKRMGy9Mv
NAYANA IZ,TNT,,1,
NEIL FRANCES,Took a While,,1,
Nepa Allstar,fabric presents Bonobo,,1,
Neu Balance,"In My Life, I've Loved Them All",,2,
nic and reuben,MIND/WAVE,,1,
Nick Murphy,Run Fast Sleep Naked,yes,11,spotify:album:0oEjSlmdbU0lYshmk1W37v
Nicolas Fox,IN DUBIO,,1,
Nicolas Jaar,Nymphs,yes,7,spotify:album:1DNF76bYKUyCG69DjSKZAM
Nicolas Jaar,Pomegranates,yes,20,spotify:album:3bFGxO5DQrgQyub8eFfxwj
Nicolas Jaar,Sirens,yes,9,spotify:album:5jgnoe0auRKrLvvj4qO5VX
Nicolas Jaar,Space Is Only Noise,yes,13,spotify:album:0tUJcqDuXHNkaPKLN0lQhT
Nige,Go Back,yes,1,spotify:album:4PmxFb0tIkYd0PerH5o7fz
Nightmares On Wax,DJ-Kicks (Moodymann),,1,
Nilüfer Yanya,Miss Universe,,1,
nimino,I Only Smoke When I Drink,,1,
NiNE8,No Smoke,,1,
Nirvana,Nirvana,yes,14,spotify:album:5zBPRXCAc801vyHWoRurNZ
Noir,DJ-Kicks (Moodymann),,1,
Nokia Mansion,Dennis,,1,
Noname,Room 25,yes,11,spotify:album:7oHM3Sj0l2nXAzGAxW0KOt
Noname,Song 32,,1,
Noname,Telefone,yes,10,spotify:album:18Scpsg5OV1iYNtSaCsjwz
Noni-Mouse,Aa Bhave,,1,
NOON,Nubiyan Dance,yes,0,spotify:album:4XDLkKvTUIdIjyxDhIMh9A
NOON,Odyssey,yes,0,spotify:album:1no8qFz8Vx9ymcCTL5D1SX
Nora Lilith,Daysof8,,1,
Nosaj Thing,Condition,yes,0,spotify:album:4SeGILepZRhket1VhSA8DV
Nosaj Thing,Continua,yes,0,spotify:album:2G4zc0zmKtlTHoiSyfMkYG
Nosaj Thing,Fated,yes,15,spotify:album:3Z7R0YontKyqcaT2IkpSD7
Nosaj Thing,No Mind,,1,
Nosaj Thing,Timetable Vol. 2,,1,
nour,مش حقيقة,,1,
Nubiyan Twist,Jungle Run,yes,10,spotify:album:3VOw8wKhsIWTwwg818oIbp
Nubya Garcia,We out Here,,1,
NxWorries,Yes Lawd!,yes,19,spotify:album:0K3FiXt6ekJTWaUku3LpHL
O'Flynn,Aletheia,yes,1,spotify:album:0RVj8aaUuoTOZ7pyGjll6b
O'Flynn,fabric presents Bonobo,,1,
O'Flynn,Srekye,yes,0,spotify:album:55V0P2HVlEmy8ILPH5aUE9
Object Blue,DJ-Kicks (Mount Kimbie),,1,
Objekt,Objekt #4,,1,
Obongjayar,Which Way is Forward?,yes,0,spotify:album:2RoACodePWs13YmxXV3v3M
Octavian,Bet (feat. Skepta & Michael Phantom),yes,1,spotify:album:6hN1bGeQwk7qzZqnGSWeJp
Oddboy TEN,Ulogy,yes,4,spotify:album:6mNvfMfyklM8dpjytJc3D4
Oddisee,The Good Fight,yes,0,spotify:album:2Il6nG7cY7C7mRax2KqPtL
ODESZA,A Moment Apart (Deluxe Edition),yes,25,spotify:album:4MRcN8PhMhBe84tcPLe2QJ
Off The Meds,boyboy,,1,
Off The Meds,Studio Barnhus Volym 1,,1,
Offthewally,Pollination,,1,
Okedo,Destiny,,1,
Okvsho,Kamala's Danz,,1,
Okvsho,Traphouse Jazz,yes,6,spotify:album:1Dg13XprfhbtTmB0T7lqzd
Oliver Coates,DJ-Kicks (Mount Kimbie),,1,
Olivia Dean,Messy,yes,0,spotify:album:5YlBA1tCY0M8DDs75RB2LY
Olsen,fabric presents Bonobo,,1,
OMAH LAY,Bad Influence,,1,
OMAH LAY,Boy Alone,yes,0,spotify:album:5NLjxx8nRy9ooUmgpOvfem
OMAH LAY,HOLY GHOST,,1,
Omar S,The Best!,,1,
Omasta,Jazz Report from the Hood,,1,
OMELET,Living a Lie,yes,0,spotify:album:39GFF59HmRTWMamDTarYml
ONES,v i s i o n s,,1,
oogie,phew,,1,
Oscar #Worldpeace,Sporadic,yes,0,spotify:album:5f39C7kB6aOlvf3V0Vsppk
Oscar Jerome,Gravitate,yes,1,spotify:album:10R8zdN5rOJQGSkXuKuTfb
Oscar Jerome,The Butter,,1,
oso leone,Gallery Love,,1,
Outkast,Aquemini,yes,16,spotify:album:5ceB3rxgXqIRpsOvVzTG28
Outkast,ATLiens,yes,15,spotify:album:1IaBCF26OjgYwUCEPaIyC0
Overmono,Clipper,,1,
Overmono,Everything U Need,,1,
Overmono,Pure Devotion,,1,
Overmono,Walk Thru Water,,1,
Pa Salieu,Belly,,1,
Pale Jay,Dos Uvas,,1,
Pale Jay,In Your Corner,yes,0,spotify:album:7EJxq8Zz1Hzn8AtCyHbFsa
Pale Jay,Low End Love Songs,yes,0,spotify:album:3BeoCT97pj90mbXYSTygee
Pale Jay,The Celestial Suite,yes,0,spotify:album:0KgWKZ1xHdPCS8dWrME2Vh
paleboi,like me,,1,
Pan Amsterdam,The Pocket Watch,,1,
Papooz,Green Juice,yes,12,spotify:album:1uBNGusEmAzSeVfRVXxS4p
Papooz,Night Sketches,yes,12,spotify:album:09aBh9puG1rCCeFlnGvXnW
Papooz,Papooz & Friends,yes,0,spotify:album:2Kn8qlxUCCXr4nIbJiNUWd
Paradise Alley,Studio Barnhus Volym 1,,1,
Parcels,Leaveyourlove,,1,
Parcels,LOVED,yes,0,spotify:album:1rSbjr5U9J9rQ9sE7RxHFl
Parcels,Parcels,yes,12,spotify:album:6tNAnVG8xrmMbINuWutrNy
Parcels,Yougotmefeeling,,1,
Patrick Holland,Beaubien Dream,,1,
PawPaw Rod,A PawPaw Rod EP,yes,0,spotify:album:6rdGxnA5zzF0Nly6ZqUwCH
PawPaw Rod,Glass House,,1,
PawPaw Rod,Message (Better Days),,1,
Pedro Mizutani,Pensando Baixo,yes,0,spotify:album:0Ebpx3I2w5memBnKGn3vjs
Pedrodollar,Studio Barnhus Volym 1,,1,
Peter and Kerry,Late Night Tales: Bonobo,,1,
Peter Digital Orchestra,DJ-Kicks (Moodymann),,1,
pheel.,stunted.,,1,
Pink Siifu,$mokebreak,yes,0,spotify:album:3O937iZO3rYw8gayd7sISW
Pink Siifu,FlySiifu's,yes,0,spotify:album:3PgdbGumg1YyXSOVsyDvjn
Pinty,City Limits,yes,6,spotify:album:3hqHvG9fdz8fl5x8FD0q0C
Pinty,Found It,,1,
Plusma,Fear And Loathing In Beats,,1,
Pomo,Intoxicated,yes,1,spotify:album:5wzK2KoYE0NSGqdCA9D4ri
Potatohead People,Mellow Fantasy,yes,0,spotify:album:2gwate9QEFzRWyoDbh8FE4
Poté,fabric presents Bonobo,,1,
Prabh Deep,Diwani,,1,
Prabh Deep,FIZA,,1,
Prabh Deep,Fly,,1,
Prabh Deep,Khap,,1,
Prabh Deep,Tabia,,1,
Priyaji,Entries for Art,yes,0,spotify:album:3CbM83y5LdDbDg4cNzRS5w
Prophet,Wanna Be Your Man,yes,10,spotify:album:1std8trziFIiN7WHWcUFCK
Psalm Trees,Soulitude,,1,
Puma Blue,Blood Loss,yes,8,spotify:album:0YHwQqztCh7I0UiLLA0rp6
Puma Blue,extchamber,yes,0,spotify:album:4TAZQIobuquyewfKAXj7Q7
Puma Blue,In Praise Of Shadows,yes,0,spotify:album:5ZFB59cZbuWzd0gPs2b8jg
Puma Blue,Swum Baby,yes,5,spotify:album:2p47OHaW1agrdBbgBP1S3W
Pumarosa,The Witch,yes,10,spotify:album:0J96IgUu6kOK2lXbfZaaod
Python P,BORN,,1,
Qaadir Howard,Studio Barnhus Volym 1,,1,
Quincy Jones,You've Got It Bad Girl,,1,
Quinn Oulton,100 Degrees,,1,
R. Lyle,fabric presents Bonobo,,1,
R.A.P. Ferreira,LEAVING HELL,yes,0,spotify:album:487n7h1dQ9duY4lwSqYtox
R.A.P. Ferreira,OUTSTANDING UNDERSTANDING,yes,1,spotify:album:163vhc2OR73gUzD9x8JKTN
R.A.P. Ferreira,Respectdue,yes,1,spotify:album:3t94qjhnEYda6HBAYoWbkO
RADA,Burn One,,1,
Radioactive Orchestra,Radioactive Orchestra feat. Axel Boman,,1,
Raghd,Easy Go!,,1,
RALPH TV,Making Movements,yes,2,spotify:album:6Dxr1CMMgXj8qOHvszpiyO
RALPH TV,RALPH TV,yes,5,spotify:album:52Qd94rprAOizb5ocH7Vx4
Rap Shar3,7azeen Elwat (Saudi),,1,
Ratatat,Classics,yes,10,spotify:album:2n5wpk7KaHpp3mgUYqpF4f
Raveena,Lucid,yes,0,spotify:album:5zM1YPLVNvxe6S8I3MIAbg
Raúl Monsalve y los Forajidos,Bocón,,1,
Re:um,Glass Kingdom,,1,
Real Lies,Real Life,yes,11,spotify:album:26hy7oWIwqVsz7lxqMwlx5
Reals,All Night Long,,1,
Red Robyn,When,,1,
Rejjie Snow,D.R.U.G.S.,yes,1,spotify:album:6CucNCiY2IWy1KstPvZQ8p
Rejjie Snow,Dear Annie,yes,20,spotify:album:16bkk7YWytTk5I3VPMU4mv
Rejjie Snow,PEACE 2 DA WORLD,yes,0,spotify:album:0gOTg0Yi6YMKH7o58VtW17
Rejjie Snow,Rejovich,yes,5,spotify:album:0vlqvy3IOi0rv4PWLL5kLh
Rejoicer,Energy Dreams,yes,11,spotify:album:5NbcAITHDzXJmJ7BDovK7v
Rejoicer,Five Winds,yes,1,spotify:album:6r6SZC4mmsYLr8t8lG09Zm
Rejoicer,Heavy Smoke,yes,6,spotify:album:0imZ7C85iaNY2oWNtwy9ct
Rejoicer,This Is Reasonable,yes,0,spotify:album:0MpMx2LBBfbJKPgjzT1aq6
Relaén,Twines,yes,15,spotify:album:0kUWfrJ1F303j8KFaXotpH
Relaén,Twines Rework,yes,12,spotify:album:33zP9I27ASSxg3F0E5xly1
Rema,Baby (Is it a Crime),,1,
Resavoir,Escalator,,1,
Reuben James,So Cool,,1,
Reuben Vaun Smith,Warm Nights,yes,0,spotify:album:75BJ3iFTPWWjR8lzbCBsrX
Revenu,Future Bubblers 1.0,,1,
Rhye,Blood,yes,11,spotify:album:5nEsLNzh3pKRKLIVJ52IWb
Rhye,Woman,yes,10,spotify:album:6b1HPtDuYioXwmw5xLLFQ9
Riar Saab,Obsessed,,1,
Rich Medina,DJ-Kicks (Moodymann),,1,
RITUAL,No Escape Out Of Time,yes,10,spotify:album:5xDzV2IFfcVOFK3n4EksKs
RITUAL,The Fall - EP,yes,4,spotify:album:4gwyU6K5QeNlH3FsgDCzhh
Rival Consoles,Articulation,yes,0,spotify:album:6gcAUc2LUZfbHwZZJLgvtm
Rival Consoles,Persona,yes,1,spotify:album:1BI2mpiBt99NlNvLka4QhG
River Tiber,Late Night Tales: Badbadnotgood,,1,
Rob Riggs,Sunshine Remixed,,1,
Robert Glasper,Covered (The Robert Glasper Trio Recorded Live At Capitol Studios),yes,12,spotify:album:77g5kcDy0ZiKzH2dWHbvK9
Robert Vanderbilt,Late Night Tales: Floating Points,,1,
Rogê,Curyman,yes,1,spotify:album:05NiQkAFwyas6XwckmzsJ8
Roman GianArthur,OK Lady,,1,
Romare,Gone,,1,
Romare,Late Night Tales: Bonobo,,1,
Romare,"Love Songs, Pt. 1",yes,4,spotify:album:0wRqVYZwZHrlU2rednB1ok
Romare,Love Songs: Part Two,yes,10,spotify:album:324LXtvXAeKBeDIN1NkGuG
Romare,Meditations On Afrocentrism,yes,5,spotify:album:7tH6sTHc5PMv1rivczTyZa
Romare,Projections,yes,11,spotify:album:3zzU2dSR6LpTlI4zd4Rgzj
Ron Everett,The Glitter of the City,,1,
Ron Trent,What Do the Stars Say to You,,1,
Rone,fabric presents Bonobo,,1,
Roots Manuva,Bleeds,yes,20,spotify:album:73ZroY82t3ep2OR22Ohbdp
Ross from Friends,Aphelion EP,yes,4,spotify:album:2gsfDysl20fYfoG41cY6H5
Ross from Friends,Family Portrait,yes,12,spotify:album:24eRSwYbneTDkehVHM2MVf
Rossum Universal Tracks,Ebaum's Dreamland,,1,
Rubba,In Motion,,1,
RUBII,Change & Remain,yes,0,spotify:album:54cLUzUwEVwArcZzFmxqln
RUBII,Forgive & Forget,,1,
RUBII,Olive Green,yes,1,spotify:album:1ihSigGvG7UOcml4jU4Gxt
RUBII,Twin Flame,yes,0,spotify:album:5QcYmW7azJX4J8OTSZcWI8
Ruby Johnson,The Spirit Of Memphis (1962-1976),,1,
Ruf Dug,Ruf Dug presents The Committee,,1,
Run The Jewels,Run The Jewels,yes,10,spotify:album:4Kg4MRg91XfDHbI6Sc0CWN
Run The Jewels,Run The Jewels 2,yes,12,spotify:album:4Loc7NtCAo9mypHO6kbviD
Run The Jewels,Run the Jewels 3,yes,14,spotify:album:7q1uNF3HT1wTjxuMW0rFJn
Rupert Clervaux,DJ-Kicks (Mount Kimbie),,1,
RY X,Dawn,yes,12,spotify:album:2nbZjuvTQh6kpFPe6uIc2Z
RY X,Unfurl,yes,13,spotify:album:3f91d3qVwL2zX9k4PKoXK2
Rye Shabby,Arthur Lager,yes,7,spotify:album:0G0wPYpgIIZihqQA0acDwj
Rye Shabby,Esta,,1,
Rye Shabby,Face the World,yes,1,spotify:album:7co966qVlkfStuIRYsBQzU
Ryuichi Sakamoto,1996,,1,
Róisín Murphy,All My Dreams / Innocence,yes,3,spotify:album:31XysRt68aOpq8XmlgLT2y
Róisín Murphy,Jacuzzi Rollercoaster / Can't Hang On,yes,3,spotify:album:7apF7t1tnqmMeXLxabg2I3
Róisín Murphy,Plaything / Like,yes,3,spotify:album:2PYTm1KTUE0pwZcUoW8jm1
Róisín Murphy,The Rumble / World's Crazy,yes,3,spotify:album:6CWaEwlXJLm3kRpPZxK55P
S L F,DJ-Kicks (Moodymann),,1,
S. Fidelity,Love International Inc.,,1,
S4U,Heart 2 Say,,1,
Saba,Bucket List Project,yes,13,spotify:album:10UscF31tC7Sz8S2a1mGbM
Saba,CARE FOR ME,yes,10,spotify:album:6Te111t5gDZ7W94myHRqUt
Saba,hue_man nature,,1,
Sacha Rudy,Be a Man,,1,
Sad City,Shapes in Formation,yes,10,spotify:album:0J0EokV57V8PLFL8TFpBce
Saine,Halftone,,1,
SALIMATA,foil,,1,
Sam & Dave,The Spirit Of Memphis (1962-1976),,3,
Sam Gendel,Fresh Bread,yes,0,spotify:album:3iVOk8jehk1yzUvfA9iHvC
Sam Gendel,Music for Saxofone & Bass Guitar,yes,7,spotify:album:7JYNuRlEFI6ZFrdi64mnBO
Sam Gendel,Pass If Music,yes,9,spotify:album:5vcXchCy7WdyYiSV13qQHA
Sam Wilkes,WILKES,yes,6,spotify:album:4rBZaFE5ByvAHFGMQXlffg
Sampha,Cumulus / Memory,yes,1,spotify:album:6VemCtS9MYpT9CJ1YgfZeN
Sampha,Process,yes,10,spotify:album:2gUSWVHCOerKhJHZRwhVtN
Sampha,Satellite Business 2.0,,1,
Sampology,Blooming in the Streets,yes,1,spotify:album:1CskIIjLwObvmhy8DL6exr
Sampology,Mt Glorious,yes,6,spotify:album:07oEZcuQktrxrfywZsui6h
Sampology,Natural Selections,yes,6,spotify:album:79SOOhdrt0v5MASKSJaqsW
Sampology,Regrowth,yes,0,spotify:album:6Y2VniWR6cKbJ7IQwp0hdS
SAMSON,UNDERSTAND.,,1,
Sandunes,11:11,yes,0,spotify:album:4Y06uwkF2XwJZnNLScDPUk
Sarah Davachi,Late Night Tales: Floating Points,,1,
Saul,Flowers,,1,
Saul,Murmurations,,1,
SAULT,5,yes,3,spotify:album:57EkTny9UjqpLhFzMO4Hdb
SAULT,7,yes,0,spotify:album:19uWOx2aMKl7cdesfEyFms
SAULT,Untitled (Black Is),,1,
SAULT,Untitled (God),,1,
SBTRKT,Break Off,,3,
SBTRKT,CLASSIC THEME,yes,0,spotify:album:7HSmOjWAyiYmxsepO0pGdj
SBTRKT,GHOST,,1,
SBTRKT,SAVE YOURSELF,yes,8,spotify:album:2b2cYFRqeBcRZn5C6kZ7Fw
SBTRKT,SBTRKT,yes,12,spotify:album:5fP2kgfePJZF4nB1XqC1i8
SBTRKT,Transitions,yes,7,spotify:album:2pnqz1p2EBVnkcRk6HZelR
SBTRKT,TURN YOUR HEART AROUND,yes,0,spotify:album:1HGSs2zPelvBSJ6TCvyUMw
SBTRKT,Wonder Where We Land,yes,21,spotify:album:2SMN8XrARD1WL7sKIKfzdv
SBTRKT & Sampha,Break Off,yes,0,spotify:album:4rTvlfO09kl2QIhorKPTmx
Scallops Hotel,Plain Speaking,yes,12,spotify:album:6C74rNtpugvaMaAAR8JldJ
Scallops Hotel,Sovereign Nose Of Your Arrogant Face,yes,11,spotify:album:4PNcK7zrv52Ps7pOHp7uG7
ScHoolboy Q,CrasH Talk,yes,14,spotify:album:3UTp6spxkyTdvsmJDPfb7n
Science Of Sound,Kaleidoscope Phonetics,yes,0,spotify:album:4qGM6Th5AqpE96bOUk5aqU
Seb Wildblood,signal when ur around,,1,
Seb Wildblood,The One with the Emoticon,,1,
Sepalot,A New Cycle,,1,
Sepalot,More Flute,,1,
Sessa,Estrela Acesa,,1,
Session Victim,10.000 Hours,,2,
Severed Heads,DJ-Kicks (Mount Kimbie),,2,
SGJAZZ,Last Sunset,yes,0,spotify:album:0Vgd057Oh4jJHvJx6TZJou
Shabaka,We out Here,,1,
Shabazz Palaces,The Don Of Diamond Dreams,,1,
Shallipopi,Laho,,1,
Shatter Hands,Block and Tackle,yes,1,spotify:album:4DIVKK0zcnYJsX1DupRJ8n
Shatter Hands,Block and Tackle (Revisited),yes,0,spotify:album:0lFMIoAzu6VxP5J2Whlga7
Shawn Lee,DJ-Kicks (Moodymann),,1,
Shigeto,Cherry Blossom Baby,yes,0,spotify:album:12nrw3ZgVqiLe9TnEmkQ4n
Shigeto,No Better Time Than Now,yes,12,spotify:album:62tmAcovHK4IMrHxNO3h0s
Shigeto,The New Monday,yes,9,spotify:album:6ebvuvNQIVcQR1hX5RAPHx
Shinichi Atobe,Yes,,1,
Shire T,Tomorrow’s People,yes,0,spotify:album:0qk4ovxWz0en2H2HIqz2wT
Shlohmo,Bad Vibes - 5th Anniversary Edition,yes,22,spotify:album:3sRblyBJUTS67HhlVkxOYx
Shlohmo,Bad Vibes: Rarities + Extras,yes,9,spotify:album:4BqvC1pa5yOwFy9IozqF79
Shlohmo,Dark Red,yes,11,spotify:album:5Qcg83PihIxOIuoPQN3RJ0
Shlohmo,Late Night Tales: Bonobo,,1,
Shlohmo,Looking at Plants,,1,
Shlohmo,Shlo-Fi (Deluxe),yes,14,spotify:album:6tTbV6kMaIjfynUc6CVQ3L
Shlohmo,The End,yes,13,spotify:album:4vjDYT5nXgLn12luv3mGjZ
Sid Vashi,Azuma Kazuma,yes,7,spotify:album:4bZ6zalJ09rMUNg2qR0RiB
Silentjay,Sacrifice,yes,6,spotify:album:2UXRIpF2sIQaZKnKqCWtrY
Silk Rhodes,Silk Rhodes,yes,12,spotify:album:6YJN63ZF1p5vtAUn5mXFDb
Silvan Strauss,MUGS ONE,,1,
Simon Popp,Gahu Dub / Baixo,,1,
SIPHO.,OCCASION,,1,
SiR,HEAVY,,1,
SiR,November,yes,11,spotify:album:5zdFKRmlSDwAMZ5NFVGbx9
SiR,Seven Sundays,yes,14,spotify:album:59UQdPyhT2CSacgBKbyNV9
Sir Isaac & The Do-Dads,The Spirit Of Memphis (1962-1976),,2,
sir Was,Digging a Tunnel,yes,1,spotify:album:2K7PRMaK4rv75bFkWsynNC
sir Was,Holding On To A Dream,yes,0,spotify:album:2ECEKA8pstwYJ4jSIdXG31
Sirens Of Lesbos,Sol,,1,
Sister Sledge,We Are Family,,1,
Sizer,City,,1,
Skee Mask,Compro,,1,
Skepta,Ignorance is Bliss,yes,0,spotify:album:22zpCX6Nb9ppOVklalvGec
Skepta,Konnichiwa,yes,12,spotify:album:6s4vWWWxNrGcKhrOFYRZzk
Skinny Pelembe,Dreaming Is Dead Now,yes,1,spotify:album:3GDXtCdRdMKRW2ucmShltW
Skinny Pelembe,"Sleep More, Make More Friends",yes,4,spotify:album:0koXyhqEeikZAwHhRhzdEQ
Skinshape,Filoxiny,yes,8,spotify:album:5F3jI2TClJuyIAUcbgf4Ps
Skinshape,Life & Love,yes,10,spotify:album:4XUQIBFGgxMSlkMZzjNWpj
Skinshape,Oracolo,yes,8,spotify:album:3bxJayV6Df1njG1jUnIXfs
Skinshape,Skinshape,yes,7,spotify:album:5rEHhw4jpyScfvPWAgGKlE
Skrillex,Rumble,,1,
Sleep D,Rebel Force,,1,
Sleepdealer,Yerba,,1,
Sleepy Bear,21,,1,
Slim.,Banoffee Pies Beats 01,,1,
Slow Dancer,Surrender,yes,10,spotify:album:1t2jdADORi3yb3m3G0dBeh
slowthai,Nothing Great About Britain,yes,1,spotify:album:2wl8jFb7m1paRmxIbwtHru
slowthai,TYRON,yes,0,spotify:album:7qE3WaOVAAIxgH8WtjbBBj
Sly Diggers,Spells,,1,
Smerz,Have fun,yes,8,spotify:album:1ua8lJy0UubynYUU8AEf8q
Smerz,Okey,yes,7,spotify:album:05Q83Gc7qEPwHlnQFFwvTe
Smino,Luv 4 Rent,,1,
Smoke Trees,Inhale,,1,
Smoke Trees,Lorez,,1,
Smoke Trees,Redux,,1,
Snarky Puppy,Family Dinner - Vol. 1,yes,8,spotify:album:7uveEcuLgfEecFLxABRKnO
Snarky Puppy,"Family Dinner, Vol. 2",yes,13,spotify:album:0uVM7b6Ew7RHmgRjfTxaWe
Snazzy,Head First,,1,
Sniff,Baby Blue Champion EP,,1,
Snips,The Barbershop,,1,
Snowy,Future Bubblers 1.0,,1,
SO.Crates,Malcolm After Mecca,yes,0,spotify:album:48a5Djpw3TQRhMwO6sJpYK
SO.Crates,Mama Danced on Soul Train,,1,
SO.Crates,Static Methods,yes,0,spotify:album:33iUK5zFGj2wwpOFS6lfhx
SO.Crates,Sunset Cities,yes,1,spotify:album:4KSjbSunhGlKAUDfVQPbon
Sofia Kourtesis,Studio Barnhus Volym 1,,1,
Solomonophonic,Welcome to Chilis,,1,
Sonder,Into,yes,7,spotify:album:6N5Gc4oQGNp05JXfZi8E5H
Sonder,What You Heard,yes,1,spotify:album:10WCcQKzXZot04kzENu62Z
SonoTWS,Street Talk,yes,19,spotify:album:599maa1P6teQ3D9kUInrCb
SonoTWS,We Can Get Along,yes,19,spotify:album:3K7rBjln9GO6lunrNmW7yv
Soulful Session,DJ-Kicks (Moodymann),,1,
Stanislav Tolkachev,DJ-Kicks (Mount Kimbie),,1,
Statik Selektah,The Louvre,,1,
Stella,Amour Propre,yes,0,spotify:album:216zWGLXiQZqypXcDeX496
Stella,Détends-Toi,yes,1,spotify:album:6OlWZuO3iT7RbhcmqPCbCK
Stella,En Retard,,1,
Stella,Patience & Respect,,1,
Stereolab,Late Night Tales: Badbadnotgood,,1,
Steve Kuhn,Late Night Tales: Badbadnotgood,,1,
Steve Lacy,Steve Lacy's Demo,yes,6,spotify:album:47DbvIExnHbqAhIuzBAO9W
Steve Lacy,The Lo-Fis,,1,
Steve Spacek,Natural Sci-Fi,yes,8,spotify:album:5nJ6SBCF4V1FUfzUE6wC3W
Steve Spacek,Space Shift,yes,16,spotify:album:4fr8Y3u3COEXpG00scpqXa
Still Corners,Dead Blue,yes,11,spotify:album:5Zw6Ifj8ZSHyuPMmIqnKtu
Still Corners,Slow Air,yes,10,spotify:album:0dpT4eWbisGVXyLkA3NBwc
Still Woozy,Cooks,yes,1,spotify:album:36aWHA59o4IuxVg8WTV3v8
Still Woozy,Goodie Bag,yes,1,spotify:album:31u58iuxrUOJeKJj4SKqOl
Still Woozy,Habit,yes,1,spotify:album:0gZEC6z4RSUiLOK9nHhGwG
Still Woozy,Lately,yes,5,spotify:album:41DorGE6V1bXIe6WzCte4c
Still Woozy,Lava,yes,1,spotify:album:3crucKpfRuUTGoQK8OunJ1
Still Woozy,Lucy,yes,1,spotify:album:5hM5ssh6iYFAQSPerkaWbx
Still Woozy,Vacation,yes,1,spotify:album:5fNnbytW7I2hMjOIXVufm6
Still Woozy,Wolfcat,yes,1,spotify:album:1onHv3W9iM5zKS02OJAnP3
Stimulator Jones,La Mano,yes,0,spotify:album:1fOxjAKZa7O91wnCzPNCzx
Stormzy,Heavy Is The Head,yes,0,spotify:album:3y4AaloFccKNLQcZNS9L8c
Studio Barnhus,boyboy,yes,0,spotify:album:5KWyMPo5dvb1CCikTcBiEs
Studio Barnhus,Studio Barnhus Volym 1,yes,0,spotify:album:7vbhN8hwVUoJ5D7p3Uw1kJ
Subculture Sage,Subculture Sage - EP,,1,
Submotion Orchestra,Alium,yes,12,spotify:album:3W3ENDBQMJ9bD2qmxWI2f0
Submotion Orchestra,Colour Theory,yes,10,spotify:album:6KJ8oH9XV1UqTPwU4jCiiV
Submotion Orchestra,Kites,yes,10,spotify:album:1xNzHsyswsoiVlhIPTsoJB
Sudan Archives,Sink,yes,6,spotify:album:2gJJdytIM2RTfsDR4HTBHv
Sudan Archives,Sudan Archives,yes,6,spotify:album:6Vs7bJcWtuyriFn0ol16lX
Sukha,Small Talk,yes,1,spotify:album:1HevjFmgmhZZgcMfsYZXgg
Summer Walker,CLEAR 2: SOFT LIFE EP,,1,
Summers Sons,Call It Love,yes,0,spotify:album:5m8ztuj5PRSyjgLt0IJbh6
Summers Sons,The Rain,yes,0,spotify:album:6atBZ6YvrGVoYa6cObLHCe
Summers Sons,Uhuru,yes,0,spotify:album:6PThy2RUruwnOzpmvmoIWw
Sumo,Hokori,,1,
sunflwr,porco rosso,,1,
Superpitcher,Studio Barnhus Volym 1,,1,
Surprise Chef,All News Is Good News,yes,1,spotify:album:4Jo9cS6CzpGl7mWYH7LptH
Surprise Chef,Superb,yes,0,spotify:album:33TEY0oQeWSc7akHHtPk6o
Swarvy,Anti-Anxiety,yes,18,spotify:album:4kJLmzbefKT8rpXDUoCD0a
Swarvy,Bop,yes,10,spotify:album:3jYG9Bji1wzRpZLYnLRiN3
Sweet & Innocent,Late Night Tales: Floating Points,,1,
Sweet Whirl,Sweetness Remixes,,1,
Syf of Talking Knots,Midnight Streetlight,,1,
System Olympia,DJ-Kicks (Mount Kimbie),,1,
SZA,Z,yes,10,spotify:album:2qCyMMQ785sPH4Yx25GQZ8
Ta-ku,25 Nights for Nujabes,yes,27,spotify:album:6T60VnPYivMW1CmzTthyhO
Ta-ku,Somehow / Remember Me,,1,
Ta-ku,Songs To Break Up To,yes,10,spotify:album:58K6gvBTqqatoizGlkPXES
Ta-ku,Songs to Make Up To,yes,8,spotify:album:3BqtfRsX0RTCerWUUnO4uh
Tai Verdes,how deep?,,1,
Takuya Kuroda,Rising Son,yes,8,spotify:album:7GDnn7XSLCIjZkBkw0SMZd
Takuya Kuroda,Zigzagger,yes,10,spotify:album:6v7zoDM6M8aBnuIsnQVMOU
Talaboman,The Night Land,yes,8,spotify:album:7ljVNLE7PRnrJDWK2U1x7K
Talc,DJ-Kicks (Moodymann),,1,
Talking Heads,Speaking in Tongues,,1,
Talos,Dissonance,yes,16,spotify:album:4jaoUwKH79DDcCxCFSRGp9
Talos,Iridescent,yes,5,spotify:album:01ok6A6qcqKC59CAAEJe61
Talos,Lowlight,yes,5,spotify:album:64VCQ40WkaGzNEedVPyMzk
Tame Impala,It Might Be Time,,1,
Taylor McFerrin,Early Riser,yes,12,spotify:album:00FZyyV7UdaE9bnE2sG5xJ
Taz & Meeks,DJ-Kicks (Mount Kimbie),,1,
Teebs,Anicca,yes,0,spotify:album:19tj2J1Czpvnd1nNyPBGDU
Tems,Born in the Wild,yes,0,spotify:album:1FGGv0vvSTerGQ91Mkvf9p
Tems,For Broken Ears,yes,0,spotify:album:2sU8ByeYc5BOBFNDr58CGV
The Abstract Eye,DJ-Kicks (Mount Kimbie),,1,
The Alchemist,"A Doctor, Painter & An Alchemist Walk Into A Bar",yes,1,spotify:album:3QNTSNrJN5H8eQ4Xet4qhZ
The Astors,The Spirit Of Memphis (1962-1976),,1,
The Black Keys,Attack & Release,yes,11,spotify:album:7oIB47BDYNG23PbBwWDv2Z
The Black Keys,Brothers,yes,21,spotify:album:0gVxPZ2tcMgyzLxyw8k1z7
The Black Keys,Chulahoma,yes,8,spotify:album:6jJKeu4hPomUuMOM6iGVzQ
The Black Keys,El Camino,yes,11,spotify:album:5DLhV9yOvZ7IxVmljMXtNm
The Black Keys,Magic Potion,yes,11,spotify:album:7Bkup3rO1V8gxqldss07XC
The Black Keys,Turn Blue,yes,11,spotify:album:6TvxpBzf9c8H1fsrAaQ8t3
The Blaze,JUNGLE,,1,
The Charmels,The Spirit Of Memphis (1962-1976),,1,
The Defaulters,Late Night Tales: Floating Points,,1,
The Deli,Vibes 2,,1,
The Dutch Benglos,"Straight from the Decks, Vol. 2 (Guts Finest Selection from His Famous DJ Sets)",,1,
The Emotions,The Spirit Of Memphis (1962-1976),,1,
The Future Sound Of London,Teachings From The Electronic Brain,,1,
The Game,Eazy,yes,0,spotify:album:26LYxs49CqC9WUZWiEK3jT
The Groove Robbers,Reconstructed : The Best Of DJ Shadow,,1,
The Herbaliser,Remedies,,1,
The Human Experience,I Like You,,1,
The Internet,Ego Death,yes,12,spotify:album:69g3CtOVg98TPOwqmI2K7Q
The Internet,Hive Mind,yes,13,spotify:album:27ThgFMUAx3MXLQ297DzWF
The Invisible,Late Night Tales: Bonobo,,1,
The Kount,Function,,1,
The Kount,Right Here,,1,
The Mad Lads,The Spirit Of Memphis (1962-1976),,1,
The Marías,"Superclean, Vol. I",yes,6,spotify:album:5XX1xVOP61GDQCGaZMLjhO
The Marías,"Superclean, Vol. II",yes,6,spotify:album:1Iu5sceGmML4CeQ2f5Q6aO
The Notorious B.I.G.,Born Again,yes,18,spotify:album:7zg9ZSOQtYLjWnvSawflg6
The Notorious B.I.G.,Life After Death,yes,24,spotify:album:7dRdaGSxgcBdJnrOviQRuB
The Notorious B.I.G.,Ready to Die,yes,19,spotify:album:2HTbQ0RHwukKVXAlTmCZP2
The O'Jays,Love Songs,,1,
The Pharcyde,Bizarre Ride II The Pharcyde,,1,
The Rationals,Late Night Tales: Floating Points,,1,
The Soul Children,The Spirit Of Memphis (1962-1976),,1,
The Stranger Suite,The Stranger Suite,yes,6,spotify:album:6PydjhO4bWzX57lfYQEVvF
The Stranger Suite,With You // Selfish,yes,2,spotify:album:0tA8DApV548r1REHwtkUrz
The Touré-Raichel Collective,The Paris Session,yes,14,spotify:album:2UEfAIesB7p4xPUSgiTUeU
The Touré-Raichel Collective,The Tel Aviv Session,yes,11,spotify:album:0GIm6JcC0la7IZ7SAU8XjH
The xx,Coexist,yes,11,spotify:album:2cRMVS71c49Pf5SnIlJX3U
The xx,I See You (Deluxe),yes,13,spotify:album:7jrxBbSIpwZnOd7kuAYFHG
The xx,xx,yes,11,spotify:album:2nXJkqkS1tIKIyhBcFMmwz
Theodor,Theodor,,1,
Theon Cross,We out Here,,1,
Thomas & Jonas,Studio Barnhus Volym 1,,1,
Three Body Trio,Future Bubblers 1.0,,1,
Throwing Snow,fabric presents Bonobo,,1,
Thru Colours,Future Bubblers 1.0,,1,
Thrupence,Composites,yes,0,spotify:album:1GgxB4FcIhKrnrbG5qfVrU
Thrupence,Ideas of Aesthetics,yes,9,spotify:album:0eMqEGPcQKsEoEHgYxcG1Z
Thrupence,Piano Works,yes,12,spotify:album:6k6xZ06qceVGxE3NLPrj5x
Thrupence,Thoughts,yes,13,spotify:album:2oW1qfpH2lWv1wRmazm1Io
Thundercat,Drank,yes,24,spotify:album:73P5LAZvZquPqD5naqW2Mo
Thundercat,Drunk,yes,23,spotify:album:7vHBQDqwzB7uDvoE5bncMM
Thundercat,Late Night Tales: Badbadnotgood,,1,
Thundercat,The Beyond / Where the Giants Roam,yes,6,spotify:album:1atZ1TiIPZZec0oiyY1mBl
Tiana Major9,Same Space?,,1,
Tiger & Woods,AOD,yes,8,spotify:album:3bUFY6zVeWeUDcWJli6TNs
Till Apes,Lift Off,yes,0,spotify:album:4PMiEvzf7aDAsWy6g2Eh33
Tirogo,DJ-Kicks (Moodymann),,1,
Tirzah,Devotion,yes,11,spotify:album:15GocbF7ybkkPP03YXtLqv
Tirzah,Highgrade,,1,
Titeknots,fabric presents Bonobo,,1,
Tohaj,She Loves Me Not,,1,
Tokyo Tea Room,No Rush,,1,
Tom Jarmey,Twilight Zone,,1,
Tom Misch,Beat Tape 2,yes,12,spotify:album:5IW5ko3B1W5doRD3YH9DV8
Tom Misch,Geography,yes,13,spotify:album:28enuddLPEA914scE6Drvk
Tom VR,Please Keep Shimmering,,1,
Tommy Guerrero,Sunshine Radio,yes,0,spotify:album:6Wi9sRhakEvFAjAVnSPztI
Tomos,Go / Together,,1,
Topaz Jones,Toothache / Zoom,,1,
Tora,Can't Buy the Mood,yes,0,spotify:album:40CFcqg3HSt36I7BuqioJq
Tora,Eat the Sun,yes,7,spotify:album:53EnSo2omTGQhFcS17oVRT
Tora,Paramount,,1,
Tora,Similar,,1,
Tora,Take a Rest,yes,15,spotify:album:1JWM6OVhoe7bInrtbiePPl
Tora,Tora,yes,7,spotify:album:6o1XBn0xUKlaf23MG03Bih
Toro y Moi,Anything In Return,yes,13,spotify:album:3xDRuOqakukb1SjHQG4WWc
Toro y Moi,Boo Boo,yes,13,spotify:album:39dY6cEFXDEevnfUTzp6lZ
Toro y Moi,Causers Of This,yes,11,spotify:album:49Y4TvYCT4ArQw7yKOvubl
Toro y Moi,Hole Erth,yes,0,spotify:album:0rGj6027LrBwC5filFlrVe
Toro y Moi,June 2009,yes,10,spotify:album:1CKhiVkaIOSqIbxV6xfM14
Toro y Moi,Live from Trona,yes,13,spotify:album:1FXPtnn4O36fH3A2Ih2ThZ
Toro y Moi,MAHAL,yes,0,spotify:album:16AQyjz1z9rOsTm6iVrBUR
Toro y Moi,Outer Peace,yes,10,spotify:album:7lXkGYfPd8ygerG681NxQG
Toro y Moi,Underneath The Pine,yes,11,spotify:album:00wmVs9BwWaSjLXBAzwUPq
Toro y Moi,What For?,yes,10,spotify:album:5IFt4HfQU8t336zryKaAyr
Toro y Moi,Who I Am (Channel Tres Remix),,1,
Torolf Stendik,Studio Barnhus Volym 1,,1,
Toshimaru Nakamura,Late Night Tales: Floating Points,,1,
Tour-Maubourg,Longing For U,,1,
Trellion,Compound,,1,
Triathalon,Drip,yes,1,spotify:album:2Qvqvah3RapVSFHtT9nhR3
Triforce,We out Here,,1,
Tropics,Nocturnal Souls,yes,9,spotify:album:1rl0ayXzU3JN4iqPiBgBLG
TSHA,fabric presents Bonobo,,1,
Tuxedo,Tuxedo,yes,12,spotify:album:1mdlZytWHqyITkGx18A4R0
Tuxedo,Tuxedo II,yes,11,spotify:album:0YFhQCQPheByANPPcAmfHn
TV Blonde,Brown Boy Blues,yes,15,spotify:album:11qr2RM8khFDTyOQhRmbIY
TV Blonde,TALMBOUT,yes,18,spotify:album:1U9b35E349ruGskBjHwSkm
Twit One,Flitzer,yes,0,spotify:album:7I13wkKorEyQq5WCU7e0Vv
Twit One,Hay Luv,yes,3,spotify:album:6WbPAG2YOKVK9kAoPArWFR
Twit One,Oynk,,1,
Twit One,Seemy 2,,1,
Twit One,The Sit-In,,1,
Two Another,Another Tape,yes,9,spotify:album:2djlS6yH1J5iAZ5DkclfbW
Two Another,Keeping Me Under,,1,
twuan,UH OH,,1,
Tycho,Awake (Deluxe Version),yes,17,spotify:album:5aCiFCF4n4OJPbmZ2TQTD5
Tycho,Dive,yes,10,spotify:album:7xmuaP4wdzra1MaQizHioZ
Tycho,Epoch,yes,15,spotify:album:0uBMm91ymfxpDUTDmalS1j
Tycho,Past Is Prologue,yes,16,spotify:album:56HjD9QtLChyCF0Sxlp4v3
"Tyler, The Creator",CALL ME IF YOU GET LOST: The Estate Sale,yes,0,spotify:album:1GG6U2SSJPHO6XsFiBzxYv
"Tyler, The Creator",Cherry Bomb + Instrumentals,yes,26,spotify:album:5V3Chnpno9oTI7JSPXKUf3
"Tyler, The Creator",Goblin,yes,18,spotify:album:1YVf1gCvpUKr0YGtgFVmfm
"Tyler, The Creator",IGOR,yes,12,spotify:album:5zi7WsKlIiUXv09tbGLKsE
"Tyler, The Creator",Noid,yes,0,spotify:album:4OjzAZXWalqQN5STXHPJdl
"Tyler, The Creator",Potato Salad,yes,1,spotify:album:02KFVEA5tnY0YnypmWY1tz
"Tyler, The Creator",Wolf,yes,18,spotify:album:40QTqOBBxCEIQlLNdSjFQB
Udmo,Open Water,,1,
Uffe,Radio Days,yes,1,spotify:album:1gzC3Su67C8v0oB9MqDWX8
Ugolino,Early Hours,,1,
Underground Canopy,Bluestaeb and S. Fidelity Present Underground Canopy,,2,
UNKLE,Reconstructed : The Best Of DJ Shadow,,2,
Vanilla,Chrometrails,yes,13,spotify:album:5yzz00xNBQFxYGLf8uQvh2
Vanilla,For What It's Worth,yes,20,spotify:album:5A6IZ3JiSuvA6wWxzWXHoG
Vanilla,Moonlight,yes,19,spotify:album:388hotHKVWfSb9Gm0w9aN7
Vanilla,Origin,yes,17,spotify:album:6J7xW1IJiJ82bSVsEWVCCY
Vanilla,Pointbreak,yes,0,spotify:album:00loBQqGW3kzvhDqBH6EKl
Vanilla,Soft Focus,yes,27,spotify:album:3YmHz8Hl6L9RSMHu2LCjpI
Vanilla,Sweet Talk,yes,27,spotify:album:1s6YGaxY6U0rMhwHufZndH
Various Artists,10 Years of Rhythm Section International,yes,0,spotify:album:3R5GWn2UCEeuOs4UoCpj1Q
Various Artists,All Back To: Jungle,yes,0,spotify:album:5x8fi3qqHSWacxluhUNqW1
Various Artists,"Button Pusher, Vol. 1",yes,0,spotify:album:5Yt9TMN3poKxobZcfPWG8f
Various Artists,Fear And Loathing In Beats,yes,0,spotify:album:3r56km0GffRuObnmmBb1V2
Various Artists,Future Bubblers 1.0,yes,0,spotify:album:5lD5OabiKy5ta9QRloKbFz
Various Artists,Future Bubblers 3.0,yes,0,spotify:album:593aYG0RqMweRUey96FFiW
Various Artists,Sunny Side Up,yes,0,spotify:album:4Ki4U6cyI5UCQ9GNCgJiHl
Various Artists,The Second Best Time Is Now,yes,0,spotify:album:5kXf5yS0LmlNAVMGrmiS33
Various Artists,Timetable Vol. 2,yes,0,spotify:album:79yJjW6hYhUSMP9GsyZzfZ
Various Artists,We out Here,yes,0,spotify:album:02RrqvEv45gBBqOOtBX78p
vbnd,Daughter of the Sun,yes,8,spotify:album:3rQaTiH5vbjKcI0KoL1olN
vbnd,No Other Feeling,yes,1,spotify:album:3lKMgWojUxZSoGtkoEm3Y3
Vegyn,Blue Moon Safari,yes,0,spotify:album:091tPFouQEyjL5Rekipta8
Vegyn,Makeshift Tourniquet,yes,0,spotify:album:73T8ZTaxv3LBS4wQo9NW3n
Vegyn,ODCD ALT VERSIONS,,1,
Vegyn,Only Diamonds Cut Diamonds,,2,
Vegyn,Text While Driving If You Want to Meet God!,,1,
Velly Joonas,Late Night Tales: Badbadnotgood,,1,
Vels Trio,Yellow Ochre EP,,1,
Verses GT,Too Close,,1,
VHOOR,Baile & Vibes,,1,
Via App,DJ-Kicks (Mount Kimbie),,2,
VIC MENSA,"SHELTER ft Wyclef Jean, ft Chance The Rapper)",yes,0,spotify:album:67x9FMcZiEEeMJJopJSHJw
Victony,Outlaw,,1,
Vijay Strickland,A Summer's Night,,1,
Vinyl Mode,Shoft Alhala,,1,
Waldo's Gift,Bergson,,1,
Walterwarm,Bamboo Forest,yes,14,spotify:album:3q7TuDcZimTnOnpCYp5jMv
Washed Out,Mister Mellow,yes,12,spotify:album:0UmaQi9j6xTCzT1SaaLADk
Watching Airplanes,DJ-Kicks (Mount Kimbie),,1,
Waterworld,Too Much,,1,
Wax Doctor,Selected Works 94-96,,1,
WAYNE SNOW,Figurine,,1,
WAYNE SNOW,Rosie,,1,
Wayward,Sapphire Eyes,,1,
Weval,The Weight,,1,
Whispers Beirut,Studio Barnhus Volym 1,,1,
Whoarei,Timetable Vol. 2,,1,
Wiki,Cold Cuts,yes,0,spotify:album:0lM74MTrCtrcCix9asm9bE
Wiki,Lil Me,yes,17,spotify:album:1HzTYyR3CIerynBNGU6H1c
Will Saul,fabric presents Bonobo,,1,
William Bell,The Spirit Of Memphis (1962-1976),,1,
William S. Fischer,Late Night Tales: Floating Points,,1,
WILLOW,ARDIPITHECUS,,1,
Wilma Archer,Last Sniff,,1,
Wilma Vritra,Burd,yes,16,spotify:album:5S6fq747SpoPTJQ4c4rl05
Winston Surfshirt,Sponge Cake,yes,16,spotify:album:5rBavL5GFknqp1CREqx4Ov
Winston Surfshirt,Sponge Cake Rebaked,yes,8,spotify:album:4gXONT2fic10PJsKeNgwDK
Wizkid,Made In Lagos,yes,1,spotify:album:6HpMdN52TfJAwVbmkrFeBN
Wizkid,Morayo,,1,
Wu-Lu,Legend,yes,1,spotify:album:6hu3MJsfXNQaMmjkGgAzWm
Wu-Lu,N.A.I.S.,yes,4,spotify:album:5FW1BbuC9kKK88Dl1dOaGf
Wu-Lu,S.U.F.O.S.,yes,5,spotify:album:0gV6jKhM5d0mIpoghk7lpD
Wun Two,A Noite,,1,
Wun Two,Penthouse,,2,
Wun Two,Pirata,,1,
XXXTENTACION,17,yes,0,spotify:album:5VdyJkLe3yvOs0l4xXbWp0
xxyyxx,Xxyyxx,yes,13,spotify:album:2RDqGoJDIPzROr1NnCNFOW
Yaeji,WHAT WE DREW 우리가 그려왔던,yes,1,spotify:album:6RB63l1Ngjkg5xXSgCS6AP
Yarden,Wetin,,1,
Yaw,DJ-Kicks (Moodymann),,1,
Yaw,Magnificent Sampler,,1,
Yazmin Lacey,Future Bubblers 1.0,,1,
Yazmin Lacey,When the Sun Dips 90 Degrees,yes,0,spotify:album:2b4PDSRjCglqS1Q6xqemoA
Yeek,Solstice,,1,
Yellow Days,Apple Pie,yes,0,spotify:album:6nEBHJQ36dKg8mBSIvtnXq
Yellow Days,CELEBRATE YOU GIRL,,1,
Yellow Days,Harmless Melodies,yes,7,spotify:album:5CPwacWmIAaA5DLUq7EHUC
Yellow Days,How Can I Love You?,yes,1,spotify:album:0UQVlX3U6hHVEHBGiWwxfg
Yellow Days,Is Everything Okay In Your World?,yes,13,spotify:album:5JJIw8iZ7jdvefbDGPUOj3
Yellow Days,Just When,,1,
Yellow Days,Rock And A Hard Place,yes,0,spotify:album:5Ptq4gERj9cnjyebShW7Sk
Yellow Days,Slow Dance & Romance,yes,0,spotify:album:5nia5WkHIE4dxbl68BLRyl
Yellow Days,Soul Smile,yes,0,spotify:album:0sRQ2kEsxMeeJ5v9cNUn2N
Yellow Days,The Way Things Change,yes,1,spotify:album:3SaySnFE2GUU02BsUcfTIx
Yellow Days,What's It All For?,yes,1,spotify:album:2r3dPQxGEa9YiErCWHV5on
Young Fathers,Cocoa Sugar,yes,12,spotify:album:03Dp6OJS4wd7dI1rRszPwj
Young Fathers,Heavy Heavy,yes,0,spotify:album:6CmlLROLOUJZnZ8QeCCpqD
Young Fathers,White Men Are Black Men Too,yes,12,spotify:album:3xtwcBeltPMO0I4PnDfV0k
Young Franco,it's Franky baby!,yes,0,spotify:album:3JK7UWkTqg4uyv2OfWRvQ9
Yussef Dayes,Black Classical Music,,1,
Yussef Dayes,Love Is the Message,yes,1,spotify:album:3L2U8zo05RToeKP3n2LTUP
Yussef Kamaal,Black Focus,yes,10,spotify:album:0CAXEcXpruvyGKSTjyLDNu
Yusuf Yellow,Trapped,,1,
Yusuf Yellow,Would It Even Matter?,,1,
Yuuf,Iman,,1,
Yves Tumor,Safe In The Hands of Love,yes,10,spotify:album:1IpYZkYoYCjXTYMDEW8Ksk
Yves Tumor,Serpent Music,yes,12,spotify:album:7qUfuThAimgAiakhr6lcsU
Zen in Space,Earth Tones,yes,2,spotify:album:2FT3HjRRgCWj9I2y6t9w6n
Zen in Space,Mosaic Garden EP,yes,0,spotify:album:7hEREG3DU139x8TcAXmTRu
Zé Roberto,Lotus 72 D,,1,
¥$,VULTURES 1,yes,0,spotify:album:30zwjSQEodaUXCn11nmiVF
¥$,VULTURES 2,,1,
Âme,fabric presents Bonobo,,1,
ØDYSSEE,Berlin 64,,1,
박혜진 Park Hye Jin,Before I Die,yes,0,spotify:album:17A5C4E71HzHookLBWzjMJ
박혜진 Park Hye Jin,CLOUDS,,1,
박혜진 Park Hye Jin,How can I,yes,2,spotify:album:7mUyZcmorwXzHxCJZNxXKD
박혜진 Park Hye Jin,IF U WANT IT,yes,0,spotify:album:3X4dqVdCKZJQneZ6Nn8IDr
박혜진 Park Hye Jin,Sail the Seven Seas,yes,0,spotify:album:0LlllZbWCmGaxUBDiRHhUQ
