artist,saved_artist,albums_in_library,liked_tracks,plays_last_year,hours_last_year,spotify_uri
Vanilla,yes,7,123,14,0.4,spotify:artist:7pnSUizGuS2tAW2yCAhafn
letherette,yes,5,103,37,1.5,spotify:artist:1fQDzf4lnUF4DYngrLJH0m
Toro y Moi,yes,11,92,23,0.5,spotify:artist:6O4EGCCb6DoIiR6B1QCQgp
Flying Lotus,yes,6,86,15,0.3,spotify:artist:29XOeO6KIWxGthejQqn793
Guts,yes,5,82,9,0.3,spotify:artist:5mMkUZv8uUrlH0SHX89BeS
Bonobo,yes,10,81,20,0.8,spotify:artist:0cmWgDlu9CwTgxPhf403hb
MF DOOM,yes,4,80,5,0.1,spotify:artist:2pAWfrd7WFF3XhVt9GooDL
Al Dobson Jr.,yes,4,77,10,0.2,spotify:artist:3YOthLzFPTgp0fEtLRUoES
BROCKHAMPTON,yes,5,76,7,0.1,spotify:artist:1Bl6wpkWCQ4KVgnASpvzzA
"Tyler, The Creator",yes,7,75,7,0.1,spotify:artist:4V8LLVI7PbaPR0K2TGSxFF
The Black Keys,yes,6,73,7,0.3,spotify:artist:7mnBLXK823vNxN3UWB7Gfz
Melodiesinfonie,yes,7,71,15,0.5,spotify:artist:3YndyZk8nVLJKspIBo0nLd
Shlohmo,yes,7,71,32,1.1,spotify:artist:6y80I9YZi4DOpbaSUlL725
Four Tet,yes,6,63,9,0.5,spotify:artist:7Eu1txygG6nJttLHbZdQOh
ELWD,yes,6,61,8,0.2,spotify:artist:3UIr0NbZyET0Dt7ErPmPGd
James Blake,yes,9,61,50,1.6,spotify:artist:53KwLdlmrlCelAZMaLVZqU
The Notorious B.I.G.,yes,3,61,4,0.1,spotify:artist:5me0Irg2ANcsgc93uaYrpb
Blundetto,yes,5,60,14,0.4,spotify:artist:3bWxjvKUe8YV0VkI5d3I1Y
Foals,yes,4,60,11,0.1,spotify:artist:6FQqZYVfTNQ1pCqfkwVFEa
Tycho,yes,4,58,7,0.1,spotify:artist:5oOhM2DFWab8XhSdQiITry
Little Dragon,yes,6,57,8,0.1,spotify:artist:6Tyzp9KzpiZ04DABQoedps
Madvillain,yes,3,57,3,0.0,spotify:artist:2aoFQUeHD1U7pL098lRsDU
D'Angelo,yes,3,56,93,6.1,spotify:artist:336vr2M3Va0FjyvB55lJEd
Milo,yes,4,54,5,0.2,spotify:artist:0J6PhnVD21GSFoJ9HoadLH
Thundercat,yes,4,54,17,0.4,spotify:artist:4frXpPxQQZwbCu3eTGnZEw
SBTRKT,yes,8,52,6,0.1,spotify:artist:1O10apSOoAPjOu6UhUNmeI
DJ Shadow,yes,4,51,4,0.2,spotify:artist:5CE2IfdYZEQGIDsfiRm8SI
Isaac Hayes,yes,2,51,3,0.0,spotify:artist:3IKV7o6WPphDB7cCWXaG3E
Mo Kolours,yes,3,51,8,0.2,spotify:artist:7o9hTqdhcddND3te69BBsk
Mac Miller,yes,4,49,7,0.3,spotify:artist:4LLpKhyESsyAXpc4laK94U
Nicolas Jaar,yes,4,49,11,0.3,spotify:artist:5a0etAzO5V26gvlbmHzT9W
Mac DeMarco,yes,6,48,71,2.3,spotify:artist:3Sz7ZnJQBIHsXLUSo0OQtM
HONNE,yes,3,47,11,0.4,spotify:artist:0Vw76uk7P8yVtTClWyOhac
Ta-ku,yes,4,46,3,0.2,spotify:artist:13Kd75NSHSp9lB4CaqPMOV
Gorillaz,yes,5,45,12,0.2,spotify:artist:3AA28KZvwAUcZuOKwyblJQ
Blood Orange,yes,4,44,8,0.3,spotify:artist:6LEeAFiJF8OuPx747e1wxR
Ghostpoet,yes,5,44,6,0.1,spotify:artist:69lEbRQRe29JdyLrewNAvD
James Vincent McMorrow,yes,3,44,5,0.1,spotify:artist:7FDlvgcodNfC0IBdWevl4u
Little People,yes,3,44,2,0.1,spotify:artist:3cbU0WxlZJTFLTfXEUB433
Anderson .Paak,yes,3,43,6,0.2,spotify:artist:3jK9MiCrA42lLAdMGUZpwa
Balthazar,yes,5,43,2,0.2,spotify:artist:4oMBP1OWXtmxyDhAj2aRyQ
Earl Sweatshirt,yes,9,41,97,1.4,spotify:artist:3A5tHz1SfngyOZM2gItYKu
Kamasi Washington,yes,4,40,6,0.2,spotify:artist:6HQYnRM4OzToCYPpVBInuU
Kendrick Lamar,yes,5,39,0,0.0,spotify:artist:2YZyLoL8N0Wb9xBt1NhZWg
Mndsgn,yes,4,39,21,0.5,spotify:artist:4GcpBLY8g8NrmimWbssM26
SonoTWS,yes,2,38,5,0.2,spotify:artist:4V6S8Exb51yXRs6oiJYIgE
Action Bronson,yes,3,37,4,0.0,spotify:artist:7BMccF0hQFBpP6417k1OtQ
GoGo Penguin,yes,3,37,9,0.2,spotify:artist:19f2JXwlRU26376TCKmp6L
GoldLink,yes,5,37,1,0.1,spotify:artist:5XenQ7XfcvQdfIbpLEFaKQ
Jay Prince,yes,6,36,7,0.3,spotify:artist:2TLYSzGyVYkxAgYSCqUnQj
Little Simz,yes,5,36,39,2.0,spotify:artist:6eXZu6O7nAUA5z6vLV8NKI
Run The Jewels,yes,3,36,4,0.1,spotify:artist:4RnBFZRiMLRyZy0AzzTg2C
BADBADNOTGOOD,yes,5,35,3,0.1,spotify:artist:65dGLGjkw3UbddUg2GKQoZ
King Krule,yes,5,35,62,2.5,spotify:artist:4wyNyxs74Ux8UIDopNjIai
Lord Apex,yes,4,35,15,0.2,spotify:artist:052uglZ4PgpVs8YxEOViXz
Mount Kimbie,yes,4,35,15,0.6,spotify:artist:3NUtpWpGDoffm3RCGhSHtl
Mura Masa,yes,5,35,49,1.4,spotify:artist:5Q81rlcTFh3k6DQJXPdsot
The xx,yes,3,35,5,0.1,spotify:artist:3iOvXCl6edW5Um0fXEBRXy
Thrupence,yes,4,34,5,0.0,spotify:artist:33WEbJHirq23bohapH3pI9
Skinshape,yes,4,33,7,0.3,spotify:artist:1itM5tXaK5THggpXA7ovAe
TV Blonde,yes,2,33,0,0.0,spotify:artist:0diTidEe7N1EnughLgJwOE
Hiatus Kaiyote,yes,5,32,11,0.4,spotify:artist:43JlwunhXm1oqdKyOa2Z9Y
Joey Bada$$,yes,2,32,7,0.2,spotify:artist:2P5sC9cVZDToPxyomzF1UH
Romare,yes,6,32,0,0.0,spotify:artist:6d1HqiWNEKV9zFqQM9WeYo
Submotion Orchestra,yes,3,32,4,0.1,spotify:artist:3ceOFG1q86nQVpJliylpgA
Kiefer,yes,4,31,4,0.1,spotify:artist:5lDtfHPqWN6MG9tFywnW8J
Lord Echo,yes,3,31,2,0.1,spotify:artist:4SkLPRjzPXh6d5n32Vypy5
Outkast,yes,2,31,3,0.0,spotify:artist:1G9G7WwrXka3Z1r7aIDjI7
Tora,yes,6,31,7,0.3,spotify:artist:7KGI0OwY8iAL5rI5p47YyK
Benny Sings,yes,3,30,12,0.4,spotify:artist:4gHcu2JoaXJ0mV4aNPCd7N
Glass Animals,yes,3,30,0,0.0,spotify:artist:4yvcSjfu4PC0CYQyLy4wSq
HNNY,yes,6,30,15,0.2,spotify:artist:6Yae9Ia1nq6JLLojBzwN1r
Loyle Carner,yes,3,30,9,0.3,spotify:artist:4oDjh8wNW5vDHyFRrDYC4k
30/70,yes,3,29,3,0.1,spotify:artist:2hmDAP9qrP22L93Pbq7FWM
Bon Iver,yes,3,29,3,0.1,spotify:artist:4LEiUm1SRbFMgfqnQTwUbQ
Hector Plimmer,yes,4,29,3,0.1,spotify:artist:7K64vyGna9ILfEEWnLKFEV
Floating Points,yes,9,28,4,0.3,spotify:artist:2AR42Ur9PcchQDtEdwkv4L
Jungle,yes,5,28,146,6.5,spotify:artist:59oA5WbbQvomJz2BuRG071
Swarvy,yes,2,28,1,0.0,spotify:artist:1fmXn9ezSrVGjHSVc6ItcL
Bastien Keb,yes,2,27,2,0.0,spotify:artist:3TVzK3Dw7UCXu2cEUEUj2x
Chrome Sparks,yes,4,27,3,0.1,spotify:artist:2pTCZ9C1fXdaVlv6d5EIXM
Relaén,yes,2,27,2,0.0,spotify:artist:5Md5IMlgCniaRwfSXEgpK1
Caribou,yes,4,26,11,0.7,spotify:artist:4aEnNH9PuU1HF3TsZTru54
Illa J,yes,3,26,2,0.0,spotify:artist:72zigmOdJbIsz0iIRhCBvp
Jordan Rakei,yes,7,26,29,1.2,spotify:artist:24icoQNJSEWNu3XvqKBR68
Lapalux,yes,3,26,2,0.1,spotify:artist:46Ce0QmI1mE2bl5VQ4P9N8
Rejjie Snow,yes,4,26,8,0.1,spotify:artist:3lLHpTOJ11tWiUNGYN14gt
SiR,yes,3,26,7,0.2,spotify:artist:3QTDHixorJelOLxoxcjqGx
Talos,yes,3,26,3,0.0,spotify:artist:1cOFPHHf20vU7zghrpz1X2
Children of Zeus,yes,4,25,4,0.2,spotify:artist:2UZjIISzcezFJLo0ngik2Z
Ivan Ave,yes,3,25,2,0.0,spotify:artist:7BxJEL8I7OoAMGyPWn1cPS
Natureboy Flako,yes,3,25,5,0.1,spotify:artist:41gy1E3ZlSK5KOjiDiqgmH
ODESZA,yes,1,25,3,0.0,spotify:artist:21mKp7DqtSNHhCAU2ugvUw
RY X,yes,2,25,26,1.4,spotify:artist:2KjAo6wVc9d2WcxdxSArpV
The Internet,yes,2,25,1,0.0,spotify:artist:7GN9PivdemQRKjDt4z5Zv8
The Touré-Raichel Collective,yes,2,25,2,0.1,spotify:artist:4NXdiYnTn0W2hblJ1WphGh
Tom Misch,yes,2,25,22,0.8,spotify:artist:1uiEZYehlNivdK3iQyAbye
Yellow Days,yes,11,25,27,0.8,spotify:artist:3dv4Q4q3LWOnbLJnC6GgTY
Aphex Twin,yes,2,24,2,0.0,spotify:artist:6kBDZFXuLrZgHnvmPu9NsG
Hidden Spheres,yes,8,24,20,1.1,spotify:artist:2ffi5jpoJUZy24fTeNsFMa
Khruangbin,yes,7,24,114,4.8,spotify:artist:2mVVjNmdjXZZDvhgQWiakk
Kojey Radical,yes,3,24,9,0.1,spotify:artist:1HMhQzj2QXxR40zGDdaK6y
Maribou State,yes,4,24,32,1.9,spotify:artist:7zrkALJ9ayRjzysp4QYoEg
Papooz,yes,3,24,10,0.3,spotify:artist:2gaCpvhi31OZtozJKsr5gm
Saba,yes,3,24,7,0.3,spotify:artist:7Hjbimq43OgxaBRpFXic4x
Steve Spacek,yes,2,24,1,0.1,spotify:artist:5IcRvSiReLydKCr56ObWuX
Winston Surfshirt,yes,2,24,2,0.1,spotify:artist:61HS7DjYDQIkKSeGvpqmJh
Young Fathers,yes,3,24,2,0.1,spotify:artist:5mZC7ndY6oGMxJentRwsuV
José González,yes,3,23,7,0.3,spotify:artist:6xrCU6zdcSTsG2hLrojpmI
Scallops Hotel,yes,2,23,4,0.1,spotify:artist:78vuz6ahePQXzGtqcU1SUq
Tuxedo,yes,2,23,3,0.1,spotify:artist:0CCqHvxGgfjJzwzQzmPlEr
Chaos In The CBD,yes,8,22,6,0.4,spotify:artist:0QOQc6jEsPX5Y45TV0hXQy
Ezra Collective,yes,5,22,13,0.4,spotify:artist:5BRAUN0yN8557PLRZIr02W
Louis VI,yes,2,22,2,0.0,spotify:artist:7tQDfSGEfN1CJcCmnnN4FV
Matthew Halsall,yes,4,22,50,4.1,spotify:artist:0Cioop2zjxXxtcPUme7R46
Noname,yes,3,22,5,0.1,spotify:artist:1EpyA68dKpjf7jXmQL88Hy
Yves Tumor,yes,2,22,0,0.0,spotify:artist:0qu422H5MOoQxGjd4IzHbS
Chelou,yes,4,21,7,0.3,spotify:artist:2RwfRD2vlkdztGtVXENShq
Deem Spencer,yes,3,21,32,0.8,spotify:artist:4iXaGootDLE50qY42LCdnK
FKJ,yes,4,21,9,0.3,spotify:artist:2FwDTncULUnmANIh7qKa5z
LB aka LABAT,yes,2,21,12,0.1,spotify:artist:02fHczhlgEBCCjzjsNvJAh
Rhye,yes,2,21,7,0.4,spotify:artist:2AcUPzkVWo81vumdzeLLRN
Shigeto,yes,3,21,3,0.2,spotify:artist:48C2RLG6w7o4jAJjCJKZM8
Snarky Puppy,yes,2,21,6,0.2,spotify:artist:7ENzCHnmJUr20nUjoZ0zZ1
Still Corners,yes,2,21,4,0.1,spotify:artist:4zKYrXs8iN4AeHmO8ZxNqp
Chance the Rapper,yes,7,20,5,0.2,spotify:artist:1anyVhU62p31KFi8MEzkbf
Cigarettes After Sex,yes,6,20,3,0.2,spotify:artist:1QAJqy2dA3ihHBFIHRphZj
Dwight Trible,yes,2,20,3,0.2,spotify:artist:5HzryqCINeBjTh2KnPtWnu
Kornél Kovács,yes,4,20,3,0.1,spotify:artist:0Ij7th9uWcDVYNAIOn5W22
Matt Martians,yes,2,20,3,0.1,spotify:artist:7ycsWk9ae4pTAlWH8j6Hf9
Men I Trust,yes,11,20,5,0.1,spotify:artist:3zmfs9cQwzJl575W1ZYXeT
Roots Manuva,yes,1,20,3,0.0,spotify:artist:4sSSkVtrCTzENCgm2vokiY
Andreya Triana,yes,2,19,0,0.0,spotify:artist:6SKEuFZYhaTytrhtJjgnO2
Chet Faker,,3,19,15,0.8,
NxWorries,yes,1,19,3,0.1,spotify:artist:6PEMFpe3PTOksdV4ZXUpbE
Baba Stiltz,yes,5,18,5,0.3,spotify:artist:1xaQSClXcsc1JvxZ2qnwBF
Isaiah Rashad,yes,2,18,25,0.9,spotify:artist:6aaMZ3fcfLv4tEbmY7bjRM
Laurence Guy,yes,5,18,11,0.6,spotify:artist:1PTEiCpkzNkLNgMi1LL8JR
Rejoicer,yes,4,18,3,0.0,spotify:artist:1N5ZTU16lJJL9hbPAMvGnk
Takuya Kuroda,yes,2,18,4,0.2,spotify:artist:4DbVGBurfbrdLW2ZwfwdmP
Ahmed Malek,,1,17,2,0.0,
Alfa Mist,yes,3,17,3,0.2,spotify:artist:2i1CPudyCUjL50Wqjv8AMI
BICEP,yes,4,17,9,0.3,spotify:artist:73A3bLnfnz5BoQjb4gNCga
Don Leisure,yes,1,17,3,0.1,spotify:artist:21hln04kMnbpNlZHQfEu76
Glue Trip,yes,2,17,0,0.0,spotify:artist:6b13SQkJSBYJxUoG8TaDcY
Hailu Mergia,yes,3,17,0,0.0,spotify:artist:0rsN9DKQhTCvkgbByOOBIm
Harrison Brome,yes,6,17,1,0.0,spotify:artist:7oJtghmTMHdQ49zN8uLSob
Jacques Greene,yes,3,17,3,0.1,spotify:artist:0ygIgsjUzKivFgxgjQ9iV9
Nosaj Thing,yes,5,17,1,0.0,spotify:artist:0IVapwlnM3dEOiMsHXsghT
Wiki,yes,2,17,4,0.1,spotify:artist:78X7quh8fqAGZ42OpLmUW0
A$AP Rocky,yes,3,16,41,1.3,spotify:artist:13ubrt8QOOCPljQ2FL1Kca
Beat Spacek,yes,1,16,3,0.0,spotify:artist:6VDV1yCgghJfUV5jhD6LQe
Black Pool,yes,3,16,8,0.3,spotify:artist:4lglBegCfNnjzAqs9DBQXm
Black Taffy,yes,2,16,3,0.0,spotify:artist:0Y9vfLdeXoP0Mu1rLWeMRG
Clever Austin,yes,1,16,4,0.1,spotify:artist:5RarAe4eB92b2PabL2kIR4
DOPE LEMON,yes,3,16,3,0.0,spotify:artist:7oZLKL1GjYiaAgssXsLmW8
Ill Camille,yes,1,16,2,0.0,spotify:artist:4XPgViBvmCOxptCYxTvJo4
LAUREL,yes,2,16,3,0.1,spotify:artist:6y6iXD929Jqq0xc6lgwhl1
Me and My Friends,yes,2,16,4,0.1,spotify:artist:4KewrgdzmKzWiJT3Znotp3
Ross from Friends,yes,2,16,7,0.5,spotify:artist:1Ma3pJzPIrAyYPNRkp3SUF
Sam Gendel,yes,3,16,4,0.1,spotify:artist:3luuQQRuSBuDNnrkYvatnk
Wilma Vritra,yes,1,16,0,0.0,spotify:artist:4bTUUfUPhp9CENuMnDoiyT
Bluestaeb,yes,1,15,1,0.0,spotify:artist:67pW04a6jpdQR2yWqjcfxs
Collard,yes,7,15,4,0.1,spotify:artist:3UHGHiVMz1L0XqFi3oXHvH
Dre'es,yes,3,15,9,0.5,spotify:artist:4pc5r183mYvIzGyFv2S0hO
Jayda G,yes,2,15,6,0.3,spotify:artist:3NKVm2Jedcf6ibJr6pMUVx
KAYTRANADA,yes,1,15,7,0.2,spotify:artist:6qgnBH6iDM91ipVXv28OMu
Smerz,yes,2,15,1,0.0,spotify:artist:1f8PlfSHEW6fHnILSzm8dI
Billy Davis,yes,1,14,5,0.2,spotify:artist:1faxe25Wp3Nk43xVVxsdSB
Fortunes.,yes,3,14,2,0.0,spotify:artist:2PDYCxCY5cmsjWE9Uk3LEm
Nirvana,yes,1,14,0,0.0,spotify:artist:6olE6TJLqED3rqDCT0FyPh
Parcels,yes,4,14,54,2.3,spotify:artist:3oKRxpszQKUjjaHz388fVA
RITUAL,,2,14,1,0.0,
ScHoolboy Q,yes,1,14,2,0.0,spotify:artist:5IcR3N7QB1j6KBL8eImZ8m
Walterwarm,,1,14,3,0.0,
Bella Boo,yes,7,13,4,0.3,spotify:artist:1Rwokb27xxRMZC0zWA8i6C
Burial,yes,2,13,4,0.3,spotify:artist:0uCCBpmg6MrPb1KY2msceF
Fatima,yes,2,13,4,0.1,spotify:artist:5uNCGgWH5Id1cW8kh9Sc67
Golden Rules,yes,1,13,0,0.0,spotify:artist:0LvSG8k9YJF0fSevrndsR9
Isaac Delusion,yes,2,13,3,0.1,spotify:artist:2HGAZDmVV3GAH4XFAZdvSG
Jamie xx,yes,3,13,12,0.6,spotify:artist:7A0awCXkE1FtSU8B0qwOJQ
Jerry Paper,yes,1,13,2,0.0,spotify:artist:2gzxBoK71ohENPlxlshHV7
Kamaal Williams,yes,3,13,5,0.4,spotify:artist:01mXk9IDlVczWwZvVHAiIS
Moonchild,yes,4,13,8,0.2,spotify:artist:1VgjAK52kjkQJQQRhTn02t
Puma Blue,yes,4,13,20,0.7,spotify:artist:6lHO1eGthNnos9KP2BH0cG
Sampology,yes,4,13,0,0.0,spotify:artist:4si18qS80CBDvSo59qthZJ
xxyyxx,yes,1,13,0,0.0,spotify:artist:1iqXhsjGeWi2Gje5q0mFYb
Angelo De Augustine,yes,1,12,1,0.0,spotify:artist:0W79ONUwHoehEib1nRXlmi
Arctic Monkeys,yes,1,12,4,0.0,spotify:artist:7Ln80lUS6He07XvHI8qqHH
Brent Faiyaz,yes,1,12,1,0.0,spotify:artist:3tlXnStJ1fFhdScmQeLpuG
Cosmo's Midnight,yes,1,12,4,0.0,spotify:artist:4VivsO1n4n2Mi2Btyb5gfL
Delegation,yes,2,12,2,0.2,spotify:artist:1zKp43H1kLHOTkJAeyTIkf
Folamour,yes,2,12,3,0.1,spotify:artist:6pJY5At9SiMpAOBrw9YosS
Fredfades,,1,12,0,0.0,
Helado Negro,yes,1,12,5,0.4,spotify:artist:69qhRLDvsWJOhWGXXQ0lQQ
Howling,yes,1,12,3,0.2,spotify:artist:3WTWOrIS77vY3hkCFqTyIw
Jocelyn Brown,yes,1,12,1,0.0,spotify:artist:2ga5ADaBpljQ3YrCh99ZMq
Jorja Smith,yes,2,12,6,0.2,spotify:artist:1CoZyIx7UvdxT5c8UkMzHd
Leifur James,yes,3,12,3,0.1,spotify:artist:2N1foZRamgP1sfiYXFID9O
Les Sins,yes,2,12,0,0.0,spotify:artist:4gSTRpmeyYppvIXuFKjfAL
Låpsley,yes,2,12,4,0.1,spotify:artist:27ze6hCgfr3HcDZAHY60pg
Robert Glasper,yes,1,12,10,0.2,spotify:artist:5cM1PvItlR21WUyBnsdMcn
Róisín Murphy,yes,4,12,5,0.2,spotify:artist:3qwabfaWewpfli7hMNM3O8
Sampha,yes,3,12,34,1.8,spotify:artist:2WoVwexZuODvclzULjPQtm
Silk Rhodes,yes,1,12,7,0.1,spotify:artist:6uZHP2IZqZWsBPnt2aGisY
Skepta,yes,2,12,8,0.2,spotify:artist:2p1fiYHYiXz9qi0JJyxBzN
Still Woozy,yes,8,12,3,0.0,spotify:artist:4iMO20EPodreIaEl8qW66y
Sudan Archives,yes,2,12,6,0.0,spotify:artist:2MPHBxznH1fj59jbOWY38u
Taylor McFerrin,yes,1,12,3,0.1,spotify:artist:0yLmsf6RBPYqm6hvFJCPg6
The Marías,yes,2,12,5,0.2,spotify:artist:2sSGPbdZJkaSE2AbcGOACx
Tirzah,yes,2,12,2,0.0,spotify:artist:6f5lOlSFJw9K79gaNnmWAd
Washed Out,yes,1,12,1,0.0,spotify:artist:5juOkIIy18sFw9L30syt1Z
Against All Logic,yes,1,11,0,0.0,spotify:artist:0ngUeF0DGpYmPec80MqSi1
Asulin,yes,1,11,4,0.1,spotify:artist:76O0DRobXGao078KT0xci8
BCUC,yes,4,11,0,0.0,spotify:artist:5CGnQOjeOoZW4a4FoPhUxW
Childish Gambino,yes,1,11,1,0.1,spotify:artist:73sIBHcqh3Z3NyqHKZ7FOL
Kevin Abstract,yes,1,11,0,0.0,spotify:artist:07EcmJpfAday8xGkslfanE
Leon Vynehall,yes,3,11,19,0.5,spotify:artist:2o7L9DNcmzocYll1o0GGTU
Life Is Better Blonde,yes,7,11,1,0.0,spotify:artist:59ZXbf3WoWxlbCewmyIs2a
Mild Orange,yes,1,11,2,0.0,spotify:artist:6yXBFHhojjdwKoop55NsHf
Miles Davis,,1,11,2,0.1,
Nick Murphy,yes,1,11,0,0.0,spotify:artist:2Q0MyH5YMI5HPQjFjlq5g3
Real Lies,yes,1,11,4,0.1,spotify:artist:1jucBaHU995Lf7ViACscFu
Brad stank,yes,5,10,38,1.5,spotify:artist:6BkeI9oZkqskZ4XMwy5OFl
Cloud Control,yes,1,10,1,0.0,spotify:artist:5DCtsJfyBEzvZ9qN7jSA6j
DjRUM,yes,2,10,24,1.2,spotify:artist:4HwlolvniI44ETSg5tajeZ
Duke Hugh,yes,2,10,4,0.2,spotify:artist:4JetDonobJxbjyf8JgtowU
Everyone You Know,yes,4,10,2,0.0,spotify:artist:4UAnAM35NDxEWd5WXKv7jM
Jadu Heart,yes,4,10,1,0.1,spotify:artist:7vjRpVXoecwKTEsrb9iscj
JuJu Rogers,,1,10,1,0.0,
Lianne La Havas,yes,1,10,1,0.1,spotify:artist:2RP4pPHTXlQpDnO9LvR7Yt
Moodymann,yes,2,10,2,0.1,spotify:artist:6pohviZSNRueSX7uNu63ZX
Nubiyan Twist,yes,1,10,8,0.2,spotify:artist:5HNkGissAKlCv88sus7rVO
Prophet,,1,10,2,0.1,
Pumarosa,yes,1,10,1,0.1,spotify:artist:2iWb4skzSlf6dMTu1DS18J
Ratatat,yes,1,10,6,0.2,spotify:artist:57dN52uHvrHOxijzpIgu3E
Sad City,yes,1,10,2,0.1,spotify:artist:0HJcuNJNdlXlORoMgfsiIL
Slow Dancer,yes,1,10,0,0.0,spotify:artist:2qq8yiTh6GieJeWShMcihO
SZA,yes,1,10,1,0.0,spotify:artist:7tYKF4w9nC0nq9CsPZTHyP
Two Another,yes,2,10,146,7.2,spotify:artist:35RvGPQ1OxbEZknWyiaAcs
Wu-Lu,yes,3,10,3,0.1,spotify:artist:5yRolHpTcDas7KX7KiH6Wd
Yussef Kamaal,yes,1,10,1,0.0,spotify:artist:710FHFQeXKC6dZGCxt7kQh
Current Joys,yes,1,9,0,0.0,spotify:artist:0m5FakHKCQdA7UN0PIzMcL
Greentea Peng,,6,9,3,0.2,
Rye Shabby,yes,3,9,3,0.2,spotify:artist:4sbraY5geUiiA9UWQAuiOX
Tropics,yes,1,9,5,0.3,spotify:artist:0d00ssafltw8HYv2zxe4fD
vbnd,yes,2,9,6,0.3,spotify:artist:5KbEFz293OMDqqk9ajZKZV
Ben Hauke,yes,2,8,2,0.2,spotify:artist:1aBDI4nH6OfAkNyUX08O2V
Galaxians,yes,1,8,0,0.0,spotify:artist:6HICzR5kLYmmwpFkst4yXL
Henry Wu,yes,2,8,0,0.0,spotify:artist:0IvTgqmNuZwVjEkkjzxLha
iZem,yes,1,8,3,0.2,spotify:artist:2dJpwMtmOBr9ad4D7vRf2r
Kid Bloom,,1,8,1,0.1,
King Garbage,yes,1,8,0,0.0,spotify:artist:2ziuYXYq2WG6cZpa43fWpX
Lifafa,yes,2,8,1,0.0,spotify:artist:6i50rQJbETLRREwFn3plcw
Sonder,yes,2,8,0,0.0,spotify:artist:2ICR2m4hOBPhaYiZB3rnLW
Talaboman,yes,1,8,1,0.0,spotify:artist:0w1RQjkLFHpokbFNikYbPN
The Stranger Suite,yes,2,8,1,0.1,spotify:artist:2pbfyD0PmnHoLmFrf14Jq8
Tiger & Woods,yes,1,8,3,0.0,spotify:artist:0AEi1DK5ehyvkZzOUlqEVz
Ata Kak,yes,1,7,5,0.1,spotify:artist:172WdsNGJYNNXVNQ1tXfrB
boy pablo,yes,1,7,2,0.0,spotify:artist:7wbkl3zgDZEoZer357mVIw
Kokoroko,yes,4,7,36,1.6,spotify:artist:3u9rbdcmA6CxjxOAkjaeFr
Kumail,yes,3,7,52,2.3,spotify:artist:2JYgvhoagKBhBYkpD0gIKj
Okvsho,yes,2,7,3,0.1,spotify:artist:30b8dNhkUcfPVsDbwyXlC9
Pinty,yes,2,7,2,0.1,spotify:artist:0TUhwf3LG9K23fyL6oftFV
RALPH TV,yes,2,7,1,0.1,spotify:artist:4ClXiGv8w47iekyGEmtAyy
Sid Vashi,yes,1,7,0,0.0,spotify:artist:6wD4PrOL4VPp0SDCtpbtba
Steve Lacy,yes,2,7,0,0.0,spotify:artist:57vWImR43h4CaDao012Ofp
James 'Creole' Thomas,yes,1,6,1,0.1,spotify:artist:2jNQhNQjCJe2f2ocqkdB7x
Kiran Kai,yes,6,6,6,0.1,spotify:artist:6TsFwSL97UlYxnpZxiUNNd
Model Man,yes,2,6,12,0.3,spotify:artist:2T5NLCuN31j79zbxZ2XCSA
Sam Wilkes,yes,1,6,3,0.1,spotify:artist:6Xo1vXFRCEJPgVqCyHlTPW
Silentjay,yes,1,6,1,0.0,spotify:artist:2ggkoDoQazUyJvHeNPiqMh
Twit One,yes,5,6,11,0.3,spotify:artist:38OPqGlHHCPAsL87VM10Su
Arlo Parks,yes,2,5,12,0.3,spotify:artist:4kIwETcbpuFgRukE8o7Opx
Bill adlib,yes,2,5,0,0.0,spotify:artist:2vtcShcGkXS1SZeLwEOqKz
Cosmo Pyke,yes,2,5,2,0.2,spotify:artist:1RKG6WXRzmTJtbLRZTPU0T
DORJ,,1,5,7,0.3,
Feng Suave,yes,4,5,0,0.0,spotify:artist:73dudJ9j0HStIhJDU8MjMI
Prabh Deep,,5,5,226,9.2,
SAULT,yes,4,5,89,3.5,spotify:artist:1uRxRKC7d9zwYGSRflTKDR
Skinny Pelembe,yes,2,5,0,0.0,spotify:artist:1ZxriNuHn6Upjf3U97nnUN
C.Tappin,yes,5,4,16,0.8,spotify:artist:09cx9hVWTix2e9uCcBXeds
Crumb,yes,1,4,0,0.0,spotify:artist:4kSGbjWGxTchKpIxXPJv0B
Darjeeling,yes,1,4,0,0.0,spotify:artist:61ssgVmhLRTOQPnnrhSHwp
Finn Foxell,yes,5,4,4,0.2,spotify:artist:1PK0iReBf7u59diWAXC3wR
Free Nationals,yes,4,4,19,0.9,spotify:artist:4596e2d3KmYzAeVenjCxfj
Loaded Honey,yes,4,4,30,1.1,spotify:artist:2vTfPvhJkpW1DTjmMvHjOB
Oddboy TEN,yes,1,4,2,0.0,spotify:artist:0InITxadsiQRRP90V48hvT
Overmono,yes,4,4,31,1.6,spotify:artist:01PnN11ovfen6xUOHfNpn3
Vegyn,yes,5,4,3,0.1,spotify:artist:5iUnvXddCpOrbWKm7QMr6o
Wun Two,,3,4,2,0.1,
Alma De La Selva,yes,1,3,5,0.2,spotify:artist:3avEda58Fg6xbTvdBtqzI0
Barry Can't Swim,yes,4,3,98,4.5,spotify:artist:0vTVU0KH0CVzijsoKGsTPl
Carla Thomas,,1,3,1,0.0,
Deema,yes,3,3,13,0.2,spotify:artist:3SBYl2unJoVzvNIUBC8ftm
GODTET,yes,3,3,9,0.1,spotify:artist:09OgHVPSgCgflZLrGScfE9
Jai Paul,yes,2,3,3,0.0,spotify:artist:53wZLCnhshZKDRs3uopFBc
Jon Sable,yes,2,3,6,0.6,spotify:artist:7fK4fTHz2dA1hlBe3ZhoRh
K15,yes,2,3,1,0.0,spotify:artist:2CcySBwLtpPpzUwxfszvvt
Lex Amor,yes,4,3,4,0.1,spotify:artist:0IKVDL3N8vpYgeNOV6np14
Sam & Dave,,1,3,0,0.0,
Smoke Trees,,3,3,0,0.0,
Stella,yes,4,3,84,3.7,spotify:artist:5w3hiAOQKr9glXE15H4A6e
박혜진 Park Hye Jin,yes,5,3,6,0.0,spotify:artist:6niigcazB2JPcpasZfZvq1
Alain Bellaïche,,1,2,0,0.0,
Allah-Las,yes,2,2,2,0.1,spotify:artist:2yDodJUwXfdHzg4crwslUp
Arc De Soleil,yes,2,2,49,1.8,spotify:artist:2iLMJdaqsQ44X7MPRD7rR5
Asake,,2,2,26,1.4,
Axel Boman,,2,2,4,0.2,
Bakar,,2,2,13,0.5,
Beshken,yes,2,2,1,0.1,spotify:artist:5sHn9ENA6XtnLmOrVQt2BB
BexBlu,yes,2,2,108,3.3,spotify:artist:5pXt1B1htTEbkBbQrgNbhy
Channel Tres,yes,2,2,2,0.1,spotify:artist:4cUkGQyhLFqKHBtL58HYVp
Charlie Rich,,1,2,1,0.0,
Coco Bryce,yes,2,2,8,0.3,spotify:artist:08hjAM9XAD28O0nWVKmlx5
Col3trane,,2,2,0,0.0,
Common Saints,yes,2,2,40,1.7,spotify:artist:5UA8O7xDhZ74ebRYT0XOxB
Cordae,yes,3,2,1,0.0,spotify:artist:0huGjMyP507tBCARyzSkrv
Cousin Kula,yes,3,2,19,0.8,spotify:artist:1TuDUmw1jUuY1V5s78TNHd
Dal,yes,2,2,4,0.1,spotify:artist:3NF4EmZKXeCmMKLOAWzYjt
Dark Sky,,2,2,0,0.0,
daste.,,2,2,1,0.0,
David Porter,,1,2,1,0.1,
Derek Carr,,1,2,1,0.1,
Dexter,,2,2,4,0.1,
Durand Jones & The Indications,,2,2,2,0.1,
Eden777,yes,1,2,0,0.0,spotify:artist:730G7VsNscS5vO7Jla4oLP
Fitz Ambro$e,,1,2,1,0.0,
Frank Medley,yes,3,2,279,7.3,spotify:artist:2cAfNDdxqonl94O7O0p77J
Fred again..,yes,4,2,111,4.8,spotify:artist:4oLeXFyACqeem2VImYeBFe
Huerta,,1,2,0,0.0,
I Am An Instrument,,1,2,74,3.3,
Jitwam,yes,2,2,11,0.4,spotify:artist:3yg8VEfEzpr8T9NkiEsycS
Joe Goddard,,2,2,9,0.2,
Johnnie Taylor,,1,2,0,0.0,
Klanger,yes,2,2,0,0.0,spotify:artist:0inCNj29J6FCi6sLhaqCVB
Kofi Stone,,2,2,19,0.7,
Lexa Gates,yes,2,2,2,0.1,spotify:artist:5D70nuec9omH4CXmCGXGTu
Logic1000,yes,2,2,36,1.5,spotify:artist:2EFsfh1zewsSWhDINv7j1I
lojii,,1,2,0,0.0,
Low Flung,yes,2,2,20,1.0,spotify:artist:7FRTM6sphATqwmzvNrGezw
Marc Rebillet,yes,4,2,0,0.0,spotify:artist:72udTJKu1pGovvS9aCYGMI
Moods,yes,2,2,49,1.8,spotify:artist:14uVJsPC4DByeuD0cq36ez
Moses Ideka,yes,2,2,13,0.4,spotify:artist:3wXkwKekKUy1Hfi60sxB8s
Neu Balance,,1,2,0,0.0,
O'Flynn,yes,3,2,11,0.4,spotify:artist:7LTSTQkL7iK7zndjFQgHQo
Off The Meds,,2,2,1,0.0,
OMAH LAY,,3,2,5,0.2,
Oscar Jerome,yes,2,2,38,1.2,spotify:artist:39cDMNnxwjrKJE1dyt47jh
PawPaw Rod,yes,3,2,1,0.0,spotify:artist:23KIrX6iPiVOkx60F4bjNq
R.A.P. Ferreira,yes,3,2,14,0.4,spotify:artist:2U1vwQRYQmG7ypKJF1JTEb
RUBII,yes,4,2,35,0.9,spotify:artist:3gN8Ihw22Vt9mnK97gbwMQ
Saul,,2,2,0,0.0,
Seb Wildblood,yes,2,2,43,1.3,spotify:artist:51Rlwvwkj8L3zakIRr6dUV
Sepalot,yes,2,2,4,0.1,spotify:artist:3sZWrl2jYnPP1vw9cIqDZV
Session Victim,,1,2,7,0.2,
Severed Heads,,1,2,0,0.0,
Sir Isaac & The Do-Dads,,1,2,0,0.0,
SO.Crates,yes,4,2,0,0.0,spotify:artist:6ICQacKuqg5PwuFvsoxhpV
The Kount,,2,2,0,0.0,
Underground Canopy,,1,2,3,0.0,
UNKLE,,1,2,0,0.0,
Via App,,1,2,0,0.0,
WAYNE SNOW,,2,2,6,0.1,
Wizkid,,2,2,42,1.4,
Yaw,,2,2,3,0.1,
Yussef Dayes,yes,2,2,19,0.8,spotify:artist:2rspptKP0lPBdlJJAJHqht
Yusuf Yellow,yes,2,2,1,0.0,spotify:artist:0V5jIH6Qufi7y3n6p898Fn
Zen in Space,yes,2,2,1,0.0,spotify:artist:3tCapIBvPdztdjuCnoout6
020whitton,,1,1,0,0.0,
21 Savage,,1,1,1,0.0,
2XM,,1,1,9,0.4,
420,,1,1,0,0.0,
4THSEX,,1,1,0,0.0,
7xvethegenius,,1,1,0,0.0,
A Sagittariun,,1,1,0,0.0,
Aaron Childs,,1,1,1,0.1,
Acidslop,yes,1,1,0,0.0,spotify:artist:0BZg8Kjli49s7olznI1vs8
Actress,yes,1,1,2,0.1,spotify:artist:3bg5rmICvmA8dmYVAdKGYH
Admas,,1,1,0,0.0,
Adrian Lux,,1,1,0,0.0,
AFKAP,,1,1,41,1.5,
Ahmed Fakroun,,1,1,3,0.1,
Airhead,,1,1,0,0.0,
Alberto Bof,yes,1,1,0,0.0,spotify:artist:1Co2g2ed1VfT3MFeaAEZDI
Albrecht La'Brooy,,1,1,1,0.0,
Aleksi Perälä,,1,1,0,0.0,
Alex Kassian,,1,1,0,0.0,
Ameba,,1,1,0,0.0,
Amir Alexander,,1,1,0,0.0,
Andres,,1,1,1,0.1,
Andrè S.,,1,1,0,0.0,
Anne Clark,,1,1,0,0.0,
AnnenMayKantereit,,1,1,0,0.0,
Apifera,yes,3,1,8,0.4,spotify:artist:7zgoELe3akRCheZJ8XnDpr
Ardisia,,1,1,28,1.2,
ARDN,,1,1,0,0.0,
Armando Young,yes,1,1,1,0.1,spotify:artist:1f1CocvNRSmgLgtqMsA0AR
Ashley Henry,,1,1,0,0.0,
Auntie Flo,,1,1,4,0.1,
autumn keys,,1,1,0,0.0,
AYLØ,,1,1,25,1.0,
Azimuth,,1,1,0,0.0,
Azymuth,,1,1,0,0.0,
B0nds,,1,1,0,0.0,
BAD WITH PHONES,,1,1,1,0.1,
BaggE,,1,1,0,0.0,
Barakas,,1,1,0,0.0,
Barry White,,1,1,2,0.1,
Beady Belle,,1,1,0,0.0,
Ben Beal,,1,1,0,0.0,
Ben Hayes,,1,1,0,0.0,
Benedict Cumberbatch,,1,1,0,0.0,
Berjan,,1,1,44,1.9,
Big Muff,,1,1,0,0.0,
Biig Piig,,1,1,4,0.2,
Bill Evans,,1,1,1,0.0,
Bill Laurance,,1,1,37,1.7,
Billy Eckstine,,1,1,0,0.0,
BINA.,,1,1,0,0.0,
BLCKEBY,,1,1,0,0.0,
BluntOne,,1,1,2,0.0,
Boards of Canada,,1,1,0,0.0,
Bobby Wright,,1,1,0,0.0,
Bohannon,,1,1,0,0.0,
Booker T. & the M.G.'s,,1,1,1,0.0,
Brenk Sinatra,,1,1,2,0.0,
Brién,yes,1,1,5,0.3,spotify:artist:3ih9EeN9uAqD2b323DdvMj
brother portait,,1,1,0,0.0,
Brothers Moving,,1,1,0,0.0,
Burna Boy,,1,1,14,0.8,
CAPYAC,,1,1,25,1.2,
CARLA,yes,1,1,2,0.0,spotify:artist:3dBpGX6fuWAYxWhDspbVbQ
Castello Branco,,1,1,0,0.0,
Catching Flies,,1,1,5,0.2,
Celeste,,1,1,1,0.0,
Central Cee,,1,1,5,0.2,
Cesar B.,,1,1,1,0.1,
Charlotte Day Wilson,,1,1,2,0.1,
Chartreuse,,1,1,0,0.0,
Chronixx,yes,1,1,53,2.9,spotify:artist:2oZcMYiKpjaA2Et5mU3RPP
Cinnaman,,1,1,2,0.1,
CKay,,1,1,10,0.5,
Clap Cotton,,1,1,0,0.0,
Clbrks,,1,1,0,0.0,
Coco O.,,1,1,0,0.0,
Cody Chesnutt,,1,1,0,0.0,
Computer Says No,,1,1,0,0.0,
Conducta,,1,1,0,0.0,
Congi,,1,1,0,0.0,
Conic Rose,,1,1,0,0.0,
Cortex,,1,1,0,0.0,
CoryaYo,yes,1,1,5,0.1,spotify:artist:3xqrRhBSgCer7lokC0Lhk4
Cousin,yes,1,1,6,0.3,spotify:artist:3riNyLWUNSai045asUQE3Q
Crayon,yes,1,1,8,0.3,spotify:artist:1byiL1WtteUjvqT6GhlEfh
Cupidon,,1,1,17,0.7,
D Tiberio,,1,1,0,0.0,
D'Marc Cantu,,1,1,0,0.0,
D. Tiffany,,1,1,0,0.0,
Daito Manabe,,1,1,0,0.0,
Daktyl,,1,1,0,0.0,
Damar Davis,,1,1,0,0.0,
Dan Kye,,1,1,2,0.1,
Daniel Bortz,,1,1,0,0.0,
Daniel Caesar,yes,3,1,42,1.0,spotify:artist:20wkVLutqVOYrc0kxFs7rA
Daniel Hanson,,1,1,25,0.2,
Daniela Andrade,,1,1,1,0.0,
Daniela La Luz,,1,1,0,0.0,
Danny White,,1,1,0,0.0,
Danvers,,1,1,0,0.0,
Darius,,1,1,8,0.5,
Dave,yes,1,1,3,0.1,spotify:artist:6Ip8FS7vWT1uKkJSweANQK
Dave + Sam,,1,1,0,0.0,
Davido,,1,1,0,0.0,
De La Soul,,1,1,0,0.0,
De Leon,,1,1,1,0.1,
Dear Silas,,1,1,10,0.3,
Deauxnuts,,1,1,1,0.0,
DECAP,,1,1,1,0.0,
DIPS,,1,1,0,0.0,
Dirty Art Club,,1,1,3,0.1,
DJ Doberman,,1,1,0,0.0,
dj gummy bear,,1,1,1,0.1,
DJ Koze,yes,1,1,2,0.1,spotify:artist:1kR99O4MgSTasyeJh8UFCg
DJ Seinfeld,,1,1,17,0.8,
Dolphin Love,,1,1,10,0.7,
Domenique Dumont,,1,1,0,0.0,
Don Rattray,,1,1,7,0.1,
Dontcry,,1,1,0,0.0,
Dopehead,,1,1,0,0.0,
Dorothy Ashby,,1,1,4,0.1,
Dr. Dundiff,yes,2,1,0,0.0,spotify:artist:6T2NShr7SAArhtegdIpHHN
Drake,yes,4,1,3,0.0,spotify:artist:3TVXtAsR1Inumwj472S9r4
Drugdealer,,1,1,53,2.0,
Durante,,1,1,0,0.0,
Dustin O'Halloran,,1,1,0,0.0,
Duñe,,1,1,3,0.1,
Earth Trax,,1,1,0,0.0,
Earthen Sea,,1,1,0,0.0,
Edmondson,,1,1,0,0.0,
efdemin,,1,1,2,0.2,
Ego Ella May,,1,1,0,0.0,
El Train,yes,1,1,5,0.1,spotify:artist:5q4pPTzefHs5kUuBSQSHbJ
Elder Island,,1,1,14,0.9,
Eli Keszler,,1,1,11,0.3,
ELIZA,,1,1,4,0.2,
Elle Valenci,,1,1,0,0.0,
Emma-Jean Thackray,,1,1,1,0.0,
Emmit Fenn,,1,1,2,0.1,
Erick the Architect,yes,2,1,0,0.0,spotify:artist:2mQLwfvZtvtTbipKn3xHmK
Esbe,,1,1,0,0.0,
Escape Deep,,1,1,41,2.0,
EXCISE DEPT,,1,1,42,1.6,
Family Event,yes,1,1,0,0.0,spotify:artist:13uuqPlSgCxy0lqfBQpEmt
Family Time,,1,1,1,0.1,
Farhot,,1,1,0,0.0,
Fazer,yes,3,1,5,0.3,spotify:artist:0HoPjo2Li9pqBLkR50p63C
Fleetwood Mac,,1,1,73,3.9,
Floyd Newman,,1,1,0,0.0,
Flughand,,1,1,0,0.0,
Footshooter,,1,1,1,0.1,
Fort Knox Five,,1,1,0,0.0,
Fountaindale,,1,1,0,0.0,
Francis and the Lights,,1,1,12,0.2,
Francis Bebey,,1,1,0,0.0,
Frank Apollo,,1,1,11,0.5,
Frank Ocean,,1,1,0,0.0,
Frankie Knuckles,,1,1,0,0.0,
Frankie Stew and Harvey Gunn,yes,3,1,7,0.2,spotify:artist:1jVvXqdwDHekLwFBamrcUx
François N'Gwa,,1,1,2,0.1,
Full Crate,,1,1,0,0.0,
Funny Weather,,1,1,35,1.4,
Gabriels,yes,3,1,0,0.0,spotify:artist:5tHs3fthucNRGAFpdE9rmz
Galcher Lustwerk,yes,3,1,3,0.2,spotify:artist:1c7bxvBwJrMuZKwx4EDPHf
Gareth Donkin,yes,1,1,1,0.0,spotify:artist:05G52WX5mk1SgWBoMJDKbN
GEE LEE,,1,1,5,0.1,
Geoffroy,,1,1,43,1.4,
Gerry Read,,1,1,0,0.0,
Ghetts,,1,1,0,0.0,
Gianni Brezzo,yes,2,1,3,0.2,spotify:artist:3JJR0ExBP5G8uyhcViM14W
Girls of the Internet,yes,1,1,10,0.3,spotify:artist:5tGmvKTFVL9bGZTxtvopHE
glue70,,1,1,0,0.0,
Godblesscomputers,,1,1,6,0.2,
Godriguez,yes,1,1,0,0.0,spotify:artist:384hxp3UsELcbzAj508jzL
Gotts Street Park,,1,1,12,0.6,
GROUP,,1,1,1,0.0,
Gábor Szabó,,1,1,1,0.1,
Haile Supreme,,1,1,26,1.1,
hard life,yes,1,1,3,0.0,spotify:artist:7uwY65fDg3FVJ8MkJ5QuZK
Harris Jayaraj,,1,1,45,0.9,
Harvey Sutherland,yes,1,1,2,0.0,spotify:artist:4CxFlJDif0atTK3gZebcEf
Heavily Indicated,,1,1,0,0.0,
Hemai,,1,1,0,0.0,
Hemlock Ernst,,1,1,0,0.0,
Herbert,,1,1,0,0.0,
Herbie Hancock,,1,1,17,0.7,
High John,,1,1,0,0.0,
High Klassified,,1,1,0,0.0,
Hiro Ama,yes,1,1,0,0.0,spotify:artist:6qgKR3ZxWD8S5Fk7MJyiRJ
Holodec,,1,1,0,0.0,
Homer Banks,,1,1,0,0.0,
Hubert Daviz,yes,1,1,3,0.1,spotify:artist:5q0zWFDxHYStTxfgjGHgW7
Hunee,,1,1,2,0.1,
Hypnotic Brass Ensemble,,1,1,0,0.0,
Idealism,,2,1,0,0.0,
Isatta Sheriff,yes,1,1,0,0.0,spotify:artist:0MzwdYm3L1uIIFASbl13XK
Ishmael Ensemble,yes,1,1,2,0.0,spotify:artist:6LiMIy9kwdQAfMrBInyUvY
IZCO,,1,1,1,0.1,
J. Albert,,1,1,0,0.0,
Jab,,1,1,0,0.0,
Jack Harlow,,1,1,0,0.0,
Jad & The,,1,1,0,0.0,
Jadasea,,1,1,0,0.0,
Jafu,,1,1,17,0.8,
James Bailey,,1,1,0,0.0,
Jamie Isaac,,1,1,2,0.1,
Javier Santiago,,1,1,0,0.0,
Jazz Liberatorz,,1,1,0,0.0,
Jazzbois,yes,4,1,7,0.4,spotify:artist:0jq1z5MQSlFtvpbnLzeEul
Jazzinuf,,1,1,1,0.0,
Jelani Blackman,,1,1,1,0.0,
Jembaa Groove,,1,1,1,0.1,
Jespfur,,1,1,27,0.7,
Jesse James Solomon,,1,1,0,0.0,
jev.,,1,1,0,0.0,
Jianbo,,1,1,1,0.1,
JID,yes,1,1,0,0.0,spotify:artist:6U3ybJ9UHNKEdsH7ktGBZ7
JIIN,,1,1,2,0.0,
Jim Legxacy,yes,1,1,1,0.0,spotify:artist:7IrBqZo6diq3hV3GpUhrs2
Joe Armon-Jones,yes,5,1,4,0.1,spotify:artist:5mUcc8OOP4RuzrupeGYwW5
Joe Beard,,1,1,0,0.0,
Joeski,,1,1,0,0.0,
John Beltran,,1,1,2,0.0,
John Glacier,,1,1,6,0.1,
John Talabot,,1,1,0,0.0,
jonatan leandoer96,,1,1,0,0.0,
José James,,1,1,0,0.0,
Jourden,,1,1,0,0.0,
Joy Orbison,yes,2,1,2,0.0,spotify:artist:0aIpJqqTLf683ojWREc5lg
JPL,,1,1,12,0.4,
Juan Rios,,1,1,0,0.0,
Judy Clay,,1,1,3,0.1,
Julien Dyne,,1,1,0,0.0,
JVCK JAMES,,1,1,27,1.2,
JXMESC,,1,1,2,0.1,
"K, Le Maestro",,1,1,0,0.0,
K.O,,1,1,0,0.0,
K.O.G,,1,1,4,0.1,
Kaitlyn Aurelia Smith,,1,1,0,0.0,
Kara-Lis Coverdale,,1,1,0,0.0,
Kazam,,1,1,0,0.0,
KH,,1,1,24,0.9,
Kibrom Birhane,,1,1,0,0.0,
Kid Katharsis,,1,1,0,0.0,
Kiina,yes,2,1,1,0.0,spotify:artist:2EjEJ0Sb54TXOwKjg0zXFe
Kiki Gyan,,1,1,0,0.0,
Kings Of Tomorrow,,1,1,1,0.0,
Knowsum,,1,1,0,0.0,
Koastle,,1,1,28,0.9,
Kodak Black,,1,1,7,0.1,
Kojaque,,1,1,1,0.0,
Koralle,yes,1,1,6,0.2,spotify:artist:3OW3qK7Wl9ESAGLvjVOw2h
Kukbeatz,,1,1,0,0.0,
L'Orange,,1,1,0,0.0,
Lady Alma,,1,1,0,0.0,
Lance Skiiiwalker,,1,1,0,0.0,
Lauren Laverne,,1,1,0,0.0,
LAUSSE THE CAT,yes,1,1,20,0.9,spotify:artist:2Zv7tySETckaR2robozkcz
Leif Vollebekk,,1,1,0,0.0,
Les Prospection,,1,1,0,0.0,
Limandi,,1,1,8,0.3,
Lime,,1,1,0,0.0,
Lipka,,1,1,6,0.3,
Lizzie Berchie,,1,1,0,0.0,
Local Artist,,1,1,1,0.1,
Lola Young,yes,2,1,17,1.1,spotify:artist:67FB4n52MgexGQIG8s0yUH
Lonnie Liston Smith,,1,1,1,0.1,
Lord Akira,,1,1,1,0.1,
Losian,,1,1,0,0.0,
Louf,,1,1,0,0.0,
Loz Goddard,,1,1,1,0.0,
Lukas Nystrand von Unge,,1,1,0,0.0,
Lydia Lunch,,1,1,0,0.0,
Mable John,,1,1,0,0.0,
Madalyn Merkey,,1,1,0,0.0,
Maisha,,1,1,0,0.0,
Makèz,,1,1,33,1.1,
Malaki,,1,1,1,0.1,
Mama Odé,,1,1,0,0.0,
Man Tear,,1,1,0,0.0,
Manga Saint Hilare,yes,2,1,0,0.0,spotify:artist:0jU1Tdr7ONlgk0Ey9JgXra
Marcellus Pittman,,1,1,0,0.0,
Marco Bernardi,,1,1,0,0.0,
Matt Karmil,,1,1,0,0.0,
Matthew Bourne,,1,1,0,0.0,
Matthew Herbert,,1,1,8,0.4,
MAVI,,1,1,0,0.0,
Max Roach,,1,1,0,0.0,
Maxo Kream,,1,1,0,0.0,
Maxwell,,1,1,87,6.2,
Maxwell Owin,,1,1,1,0.0,
Medikul,,1,1,0,0.0,
Melo-Zed,yes,1,1,1,0.1,spotify:artist:6c5n3tYI05A05V4u4dxMuv
Menahan Street Band,,1,1,5,0.1,
Mk.gee,,1,1,0,0.0,
MMYYKK,yes,2,1,1,0.0,spotify:artist:1tCMk7g0K58M82X2kNxlGT
Modha,,1,1,1,0.1,
Moonilena,,1,1,0,0.0,
Moses Boyd,,1,1,0,0.0,
Mosley Jr,,1,1,6,0.3,
Move 78,,1,1,2,0.2,
Munro,,1,1,0,0.0,
Myles Morgan,yes,1,1,3,0.1,spotify:artist:7KPw4tKwK8ONgnrmduQiZf
møziz,,1,1,0,0.0,
N.Y House'n Authroity,,1,1,0,0.0,
namesbliss,,1,1,4,0.1,
NATE08,,1,1,8,0.2,
NAYANA IZ,,1,1,1,0.0,
NEIL FRANCES,,1,1,11,0.6,
Nepa Allstar,,1,1,0,0.0,
nic and reuben,,1,1,0,0.0,
Nicolas Fox,,1,1,0,0.0,
Nige,yes,1,1,2,0.0,spotify:artist:2JVSIjXa8mS0437WpmGI0Q
Nightmares On Wax,,1,1,5,0.2,
Nilüfer Yanya,yes,1,1,2,0.1,spotify:artist:09kXLeOXRyfNQMXRaDO4qA
nimino,,1,1,22,1.0,
NiNE8,,1,1,0,0.0,
Noir,,1,1,0,0.0,
Nokia Mansion,,1,1,0,0.0,
Noni-Mouse,yes,1,1,35,1.1,spotify:artist:5FdPJGazXKIh9w2qqMmY9X
Nora Lilith,,1,1,0,0.0,
nour,,1,1,1,0.0,
Nubya Garcia,,1,1,0,0.0,
Object Blue,,1,1,0,0.0,
Objekt,,1,1,0,0.0,
Octavian,yes,1,1,0,0.0,spotify:artist:5zfEatKLDdRkgbw6sdLBAQ
Offthewally,,1,1,3,0.2,
Okedo,,1,1,9,0.3,
Oliver Coates,,1,1,0,0.0,
Olsen,,1,1,1,0.1,
Omar S,yes,1,1,0,0.0,spotify:artist:3BvWiyLcyLMoOIm2U8HepI
Omasta,,1,1,33,1.3,
ONES,,1,1,11,0.5,
oogie,,1,1,1,0.0,
oso leone,,1,1,11,0.5,
Pa Salieu,,1,1,5,0.2,
Pale Jay,yes,4,1,19,0.8,spotify:artist:7H3z77VbkJcCcFilmKqKNM
paleboi,,1,1,0,0.0,
Pan Amsterdam,,1,1,0,0.0,
Paradise Alley,,1,1,0,0.0,
Patrick Holland,yes,1,1,1,0.1,spotify:artist:0dns940bo2pILe1Flk0WH3
Pedrodollar,,1,1,1,0.0,
Peter and Kerry,,1,1,0,0.0,
Peter Digital Orchestra,,1,1,0,0.0,
pheel.,,1,1,2,0.1,
Plusma,,1,1,0,0.0,
Pomo,,1,1,0,0.0,
Poté,,1,1,0,0.0,
Psalm Trees,,1,1,0,0.0,
Python P,,1,1,25,0.7,
Qaadir Howard,,1,1,0,0.0,
Quincy Jones,,1,1,3,0.2,
Quinn Oulton,,1,1,1,0.0,
R. Lyle,,1,1,0,0.0,
RADA,,1,1,0,0.0,
Radioactive Orchestra,,1,1,2,0.1,
Raghd,yes,1,1,3,0.1,spotify:artist:5CIGqUkWQ0OY3U7HGlDlvw
Rap Shar3,,1,1,3,0.1,
Raúl Monsalve y los Forajidos,,1,1,1,0.1,
Re:um,,1,1,36,1.6,
Reals,yes,1,1,1,0.1,spotify:artist:74raT5FPLHUfgheibhBXPa
Red Robyn,,1,1,0,0.0,
Rema,,1,1,13,0.4,
Resavoir,,1,1,1,0.0,
Reuben James,,1,1,2,0.0,
Revenu,,1,1,0,0.0,
Riar Saab,,1,1,0,0.0,
Rich Medina,,1,1,0,0.0,
Rival Consoles,yes,2,1,0,0.0,spotify:artist:05lIUgmmsmTX2N9dCKc8rC
River Tiber,,1,1,2,0.0,
Rob Riggs,,1,1,0,0.0,
Robert Vanderbilt,,1,1,0,0.0,
Rogê,yes,1,1,0,0.0,spotify:artist:2qLU3VUpp3uV2Oyf786FC3
Roman GianArthur,,1,1,1,0.0,
Ron Everett,,1,1,0,0.0,
Ron Trent,,1,1,0,0.0,
Rone,,1,1,1,0.0,
Rossum Universal Tracks,,1,1,0,0.0,
Rubba,,1,1,0,0.0,
Ruby Johnson,,1,1,0,0.0,
Ruf Dug,,1,1,0,0.0,
Rupert Clervaux,,1,1,0,0.0,
Ryuichi Sakamoto,,1,1,14,0.6,
S L F,,1,1,0,0.0,
S. Fidelity,,1,1,2,0.0,
S4U,,1,1,1,0.1,
Sacha Rudy,yes,1,1,0,0.0,spotify:artist:5oq46vINX6yvYPAUaAf25x
Saine,,1,1,0,0.0,
SALIMATA,yes,1,1,41,0.8,spotify:artist:7jS2ex4JC0DiFtMfh417jD
SAMSON,,1,1,12,0.3,
Sarah Davachi,,1,1,0,0.0,
Sessa,,1,1,0,0.0,
Shabaka,,1,1,0,0.0,
Shabazz Palaces,,1,1,0,0.0,
Shallipopi,,1,1,11,0.4,
Shatter Hands,yes,2,1,1,0.0,spotify:artist:1QYYoqc9d6sZPW5AtFY9Yc
Shawn Lee,,1,1,1,0.0,
Shinichi Atobe,yes,1,1,7,0.3,spotify:artist:2n1YSv6tFmLxYalICWxOGv
Silvan Strauss,,1,1,5,0.1,
Simon Popp,,1,1,1,0.1,
SIPHO.,,1,1,2,0.1,
sir Was,yes,2,1,0,0.0,spotify:artist:2pRRvc1D9seqK4txoe8laT
Sirens Of Lesbos,,1,1,0,0.0,
Sister Sledge,,1,1,0,0.0,
Sizer,yes,1,1,0,0.0,spotify:artist:6RW2HOMCsUtTj7YiVdVMQD
Skee Mask,yes,1,1,1,0.1,spotify:artist:2qwi0hBvI2GrbkurOnw3hZ
Skrillex,,1,1,6,0.1,
Sleep D,,1,1,0,0.0,
Sleepdealer,,1,1,1,0.0,
Sleepy Bear,,1,1,0,0.0,
Slim.,,1,1,1,0.0,
slowthai,yes,2,1,1,0.0,spotify:artist:3r1XkJ7vCs8kHBSzGvPLdP
Sly Diggers,yes,1,1,5,0.3,spotify:artist:4k5av3H3L4JlJxPmjw28oA
Smino,,1,1,0,0.0,
Snazzy,,1,1,124,5.5,
Sniff,,1,1,2,0.0,
Snips,,1,1,1,0.0,
Snowy,,1,1,0,0.0,
Sofia Kourtesis,,1,1,2,0.1,
Solomonophonic,yes,1,1,0,0.0,spotify:artist:4Ino9RgrdzNW29Ycx3xxwU
Soulful Session,,1,1,0,0.0,
Stanislav Tolkachev,,1,1,0,0.0,
Statik Selektah,,1,1,7,0.2,
Stereolab,,1,1,0,0.0,
Steve Kuhn,,1,1,0,0.0,
Subculture Sage,,1,1,1,0.1,
Sukha,yes,1,1,0,0.0,spotify:artist:4fPrGtgq6U5h3Q4GWUAsWL
Summer Walker,,1,1,4,0.1,
Sumo,,1,1,1,0.1,
sunflwr,,1,1,0,0.0,
Superpitcher,,1,1,3,0.1,
Surprise Chef,yes,2,1,0,0.0,spotify:artist:2Ks1Z1scmEDZfaYaCS7Osj
Sweet & Innocent,,1,1,0,0.0,
Sweet Whirl,,1,1,56,2.0,
Syf of Talking Knots,,1,1,2,0.0,
System Olympia,,1,1,0,0.0,
Tai Verdes,,1,1,0,0.0,
Talc,,1,1,0,0.0,
Talking Heads,,1,1,7,0.4,
Tame Impala,,1,1,4,0.3,
Taz & Meeks,,1,1,0,0.0,
The Abstract Eye,,1,1,0,0.0,
The Alchemist,yes,1,1,2,0.0,spotify:artist:0eVyjRhzZKke2KFYTcDkeu
The Astors,,1,1,0,0.0,
The Blaze,,1,1,21,1.0,
The Charmels,,1,1,0,0.0,
The Defaulters,,1,1,0,0.0,
The Deli,,1,1,0,0.0,
The Dutch Benglos,,1,1,0,0.0,
The Emotions,,1,1,0,0.0,
The Future Sound Of London,,1,1,0,0.0,
The Groove Robbers,,1,1,0,0.0,
The Herbaliser,,1,1,0,0.0,
The Human Experience,,1,1,0,0.0,
The Invisible,,1,1,0,0.0,
The Mad Lads,,1,1,0,0.0,
The O'Jays,,1,1,1,0.0,
The Pharcyde,,1,1,0,0.0,
The Rationals,,1,1,0,0.0,
The Soul Children,,1,1,0,0.0,
Theodor,,1,1,39,1.8,
Theon Cross,,1,1,0,0.0,
Thomas & Jonas,,1,1,0,0.0,
Three Body Trio,,1,1,0,0.0,
Throwing Snow,,1,1,0,0.0,
Thru Colours,,1,1,0,0.0,
Tiana Major9,,1,1,0,0.0,
Tirogo,,1,1,0,0.0,
Titeknots,,1,1,0,0.0,
Tohaj,,1,1,0,0.0,
Tokyo Tea Room,,1,1,7,0.1,
Tom Jarmey,,1,1,0,0.0,
Tom VR,yes,1,1,1,0.1,spotify:artist:36tUphbhaRrmHNS6reORr5
Tomos,,1,1,1,0.1,
Topaz Jones,,1,1,0,0.0,
Torolf Stendik,,1,1,0,0.0,
Toshimaru Nakamura,,1,1,0,0.0,
Tour-Maubourg,yes,1,1,6,0.2,spotify:artist:7sbDfGq4RVRz6cEt5PH4Su
Trellion,,1,1,1,0.0,
Triathalon,,1,1,0,0.0,
Triforce,,1,1,0,0.0,
TSHA,,1,1,0,0.0,
twuan,,1,1,0,0.0,
Udmo,,1,1,0,0.0,
Uffe,yes,1,1,1,0.0,spotify:artist:4J29rwF7Lcqch3IyOubvxC
Ugolino,,1,1,0,0.0,
Velly Joonas,,1,1,0,0.0,
Vels Trio,yes,1,1,0,0.0,spotify:artist:68ZVpxiS12BeN3EgBgXW0l
Verses GT,,1,1,1,0.1,
VHOOR,,1,1,1,0.0,
Victony,,1,1,1,0.0,
Vijay Strickland,,1,1,2,0.1,
Vinyl Mode,,1,1,0,0.0,
Waldo's Gift,,1,1,0,0.0,
Watching Airplanes,,1,1,0,0.0,
Waterworld,yes,1,1,0,0.0,spotify:artist:31jlPM9JhvWhmhyTkkTaBe
Wax Doctor,,1,1,0,0.0,
Wayward,yes,1,1,1,0.0,spotify:artist:6QzNZv95Ql8TJ7PsHvOvZS
Weval,,1,1,13,0.6,
Whispers Beirut,,1,1,0,0.0,
Whoarei,,1,1,0,0.0,
Will Saul,,1,1,1,0.1,
William Bell,,1,1,0,0.0,
William S. Fischer,,1,1,0,0.0,
WILLOW,yes,1,1,0,0.0,spotify:artist:3rWZHrfrsPBxVy692yAIxF
Wilma Archer,,1,1,0,0.0,
Yaeji,,1,1,0,0.0,
Yarden,,1,1,10,0.2,
Yazmin Lacey,yes,2,1,8,0.1,spotify:artist:2datC2OML2YxykP6vnDRmg
Yeek,yes,1,1,1,0.0,spotify:artist:5BhFZpE8kUGZJiKOsYjLQM
Yuuf,,1,1,25,1.0,
Zé Roberto,,1,1,0,0.0,
¥$,,2,1,0,0.0,
Âme,,1,1,0,0.0,
ØDYSSEE,,1,1,0,0.0,
2nd Exit,,1,0,2,0.1,
44th Move,yes,1,0,0,0.0,spotify:artist:0RLaOKZ3L4fiKuOvgt0VYx
Air,yes,0,0,0,0.0,spotify:artist:1P6U1dCeHxPui5pIrGmndZ
Anchorsong,,1,0,0,0.0,
Ando San,yes,1,0,0,0.0,spotify:artist:77mOlU6tzevO0WDM8zywhH
Andrew Ashong,,1,0,0,0.0,
anees,yes,0,0,3,0.1,spotify:artist:2HPqVfdPh9JkBSlFG5hK6h
ANOHNI,yes,0,0,0,0.0,spotify:artist:6VJZYivuYJGCrPuOAnI7Qo
Archy Marshall,yes,0,0,3,0.1,spotify:artist:2pLvihTVAElhBCw7HcrIUC
Asaad,,1,0,0,0.0,
Athletic Progression,yes,1,0,1,0.0,spotify:artist:2BBIIe7eBYThLcIrZGZb3I
B. Cool-Aid,,2,0,0,0.0,
Baby Keem,yes,0,0,0,0.0,spotify:artist:5SXuuuRpukkTvsLuUknva1
berlioz,yes,0,0,3,0.1,spotify:artist:3k3RY7kR8f0vp8Cq27P141
BERWYN,yes,1,0,1,0.0,spotify:artist:5zatdvej2AxogC5pbu2msR
Billie Eilish,yes,1,0,0,0.0,spotify:artist:6qqNVTkY8uBg9cP3Jd7DAH
Black Josh,yes,1,0,2,0.1,spotify:artist:7C7k2UEHadhnuwaiN4TSdU
BLK ODYSSY,yes,1,0,7,0.3,spotify:artist:062tCT8GVioC9EMiI9jeOV
Bubble Love,yes,1,0,5,0.1,spotify:artist:0Uu5MoqXbYYsMb6HLw0X62
Buddy Love,yes,1,0,1,0.0,spotify:artist:76If8HF56JoLYMc3AqmuVf
Bxnjamin,yes,1,0,0,0.0,spotify:artist:5pryZ4kKZ9R6k28zhWk0aq
CA7RIEL & Paco Amoroso,,1,0,30,0.0,
Carpet Patrol,yes,0,0,1,0.1,spotify:artist:69gue0dnMe1PUwgHVl7yg0
Cat Burns,yes,0,0,1,0.0,spotify:artist:6WFDpw4u23uSpon4BHvFRn
CATO,yes,1,0,0,0.0,spotify:artist:1fcnWaFD8TsBEDAg1s3kNE
Cleo Sol,,1,0,12,0.6,
Cofaxx,yes,0,0,2,0.1,spotify:artist:6ouoc1mn079GHUtC7VJrKL
Colloboh,yes,1,0,0,0.0,spotify:artist:0o0jvQAplepjQaJYbXCEVl
Cruza,yes,2,0,4,0.1,spotify:artist:7zxS4o4zmwxJNe5UvC2Fx5
Damu The Fudgemunk,,1,0,0,0.0,
Denzel Curry,yes,0,0,1,0.0,spotify:artist:6fxyWrfmjcbj5d12gXeiNV
Desmond Dekker,yes,0,0,0,0.0,spotify:artist:1FcB6xMihhP9Hb6AdGVbWe
Dhanji,yes,0,0,10,0.2,spotify:artist:1OVeQPd27s1MkICbzBfZTV
Doechii,yes,1,0,2,0.1,spotify:artist:4E2rKHVDssGJm2SCDOMMJB
Duskus,yes,0,0,0,0.0,spotify:artist:59MDSNIYoOY0WRYuodzJPD
Eddie Chacon,yes,2,0,0,0.0,spotify:artist:7MSoMSIgrEtwDJ0iUCJwSD
ENNY,yes,0,0,3,0.1,spotify:artist:3qEnCAnX23lvoxZYtBiPgL
Febueder,yes,0,0,1,0.0,spotify:artist:3cvmzdKOmgBn7PrHkvnH0e
Feiertag,yes,0,0,6,0.3,spotify:artist:1GLnhRhNDXOofP7IlDxT5q
Freddie Gibbs,,3,0,1,0.0,
Fruit Distro Collective,yes,1,0,1,0.1,spotify:artist:0vPnsaDFU6zMeXLjRIAPLf
Funkdoobiest,yes,0,0,0,0.0,spotify:artist:0pbj7bsLCiQ5f8P9mFnuPN
Goya Gumbani,yes,2,0,0,0.0,spotify:artist:0Up93b7Ut6uacH5Zv8sBkx
Grateful Dead,yes,0,0,0,0.0,spotify:artist:4TMHGUX5WI7OOm53PqSDAT
Headache,yes,2,0,2,0.0,spotify:artist:1iX0eIvL5iHnaDny7BBtWH
Hermanos Gutiérrez,yes,1,0,27,0.5,spotify:artist:73mSg0dykFyhvU96tb5xQV
Hugh B,yes,1,0,12,0.4,spotify:artist:0ccbE6uaLu9K9U1QTNvjzn
Ivy Lab,yes,0,0,4,0.1,spotify:artist:3VXCvo9Sr0hbZ4mk6VOKBs
J Hus,yes,2,0,4,0.1,spotify:artist:2a0uxJgbvvIRI4GX8pYfcr
Jack Vanzet,yes,1,0,0,0.0,spotify:artist:3Q4bHGAfG5KexzVaWE4fnf
Jake Milliner,yes,1,0,2,0.0,spotify:artist:5GbsEElDfxIjlM3rknGexS
Janko Nilovic,yes,1,0,0,0.0,spotify:artist:44w54ag6mZjclpEET3ROf9
JD. REID,yes,1,0,1,0.0,spotify:artist:7qKjoXJornKJBClL7kucsZ
Jeen Bassa,yes,0,0,0,0.0,spotify:artist:35FRDLbZLzubau8qui6kqZ
Jkarri,yes,0,0,0,0.0,spotify:artist:7pnHPcFr8HpjXaEAOFpX3V
John Carroll Kirby,yes,1,0,0,0.0,spotify:artist:7FQiZr787umw7P5dO3zqld
John Keek,yes,2,0,2,0.1,spotify:artist:5hWFMEirsZnlatYOIcySVL
Joomanji,yes,1,0,3,0.1,spotify:artist:1TGyEDXHDYwHNB012Otfhj
Jubilee Jackson,yes,0,0,0,0.0,spotify:artist:7MNzRzMrUyHAWZ1lgfMYDa
Jungle Brown,yes,1,0,3,0.0,spotify:artist:6bhnsbtlnSzYIRPkHrKe3I
Kaiit,yes,0,0,0,0.0,spotify:artist:1lEiFY8tYuckyd67eGiaF1
Kamran Kaur,yes,0,0,0,0.0,spotify:artist:2K0Hw95D2LghYUfFxJuABg
Kanye West,yes,0,0,52,0.9,spotify:artist:5K4W6rqBFWDnAN6FQUkS6x
Kareem Ali,,1,0,1,0.0,
Kelly Moonstone,yes,0,0,10,0.3,spotify:artist:5TVQ1g9iOkpZUJrWgu21kj
KMRU,yes,0,0,4,0.2,spotify:artist:5blZUSGq0z7HhuSldSXV3a
Larry June,,2,0,0,0.0,
LCSM (Likwid Continual Space Motion),yes,0,0,0,0.0,spotify:artist:67VIk0m4oZJj01Wu57iEIA
Lehin,yes,0,0,0,0.0,spotify:artist:1clbSdxB3Q3K7aJTpRmUne
Les Mamans du Congo,yes,1,0,0,0.0,spotify:artist:7i6SYXEQQzBMOlb4M9hE1I
Liv.e,yes,0,0,0,0.0,spotify:artist:0YCL71Clky5els6NireSBP
Louis Culture,yes,0,0,2,0.1,spotify:artist:7k6jdEkR8FoKdOi0iW4VkR
Lukah,yes,1,0,0,0.0,spotify:artist:4kXGF3u3kGDHDoLmbdvUzS
Lynda Dawn,yes,1,0,4,0.1,spotify:artist:63xKhLksCsaONI4pUNZJXM
Maceo,yes,0,0,3,0.3,spotify:artist:4u1hXzJpF34tGtqdnfmUsZ
Madlib,yes,1,0,0,0.0,spotify:artist:5LhTec3c7dcqBvpLRWbMcf
Mansur Brown,yes,1,0,6,0.2,spotify:artist:1ky3oGuE5XOsOzqiFEGwqR
Max Graef,yes,1,0,5,0.2,spotify:artist:4AflEeXdD0VohMzZvOGo55
MC Nelson,yes,0,0,1,0.0,spotify:artist:5g1bxuOE5lvmLH1uXBprOw
Medhane,yes,1,0,0,0.0,spotify:artist:6lTiYE2IL4FUqf0CgGjI5i
mello,,3,0,182,4.3,
MGMT,yes,0,0,0,0.0,spotify:artist:0SwO7SWeDHJijQ3XNS7xEE
MIKE,,1,0,2,0.0,
Mildlife,yes,0,0,0,0.0,spotify:artist:1lsJmnN90u3KBvF3tGEWr3
Miles Davis Quartet,yes,0,0,0,0.0,spotify:artist:4sQVPSDmfqIxG9W8o2EROX
Monday Night,,1,0,0,0.0,
Moose Dawa,yes,0,0,0,0.0,spotify:artist:4iLyC66mfowfMoMtmbsDUb
Moses Yoofee Trio,yes,0,0,1,0.0,spotify:artist:4Jmjucr9inAKcxy64DYNxS
Mr Jukes,yes,0,0,0,0.0,spotify:artist:1y71H4hNtnHG7LeU1Y47FO
Nala Sinephro,yes,2,0,17,0.6,spotify:artist:2h5syT5XdsQgKLq8Yn1klO
Newen Afrobeat,yes,0,0,0,0.0,spotify:artist:0PTJ848ulShbjTx2yqaAlb
NOON,yes,2,0,0,0.0,spotify:artist:5zUcDU1ZjhvthhFgjgQbag
North Downs,yes,0,0,2,0.1,spotify:artist:7ad12h2GvO4VT7ciRTzeo1
Obongjayar,yes,1,0,3,0.1,spotify:artist:6l7R1jntPahGxwJt7Tky8h
Oddisee,yes,1,0,0,0.0,spotify:artist:72tRiBHei5G9M8it4h4sfC
OHMA,yes,0,0,0,0.0,spotify:artist:7mbyocfSOEDLUpdGRyDVgx
Olivia Dean,yes,1,0,37,1.1,spotify:artist:00x1fYSGhdqScXBRpSj3DW
OMELET,yes,1,0,0,0.0,spotify:artist:7JtOqcrXRxUBJl1IZUVj80
Oscar #Worldpeace,yes,1,0,1,0.0,spotify:artist:63h1vcgwz5lbgfiIyF6mcs
Pedro Mizutani,,1,0,2,0.0,
Peter Cat Recording Co.,yes,0,0,3,0.0,spotify:artist:41Nu7NgAj9rJxjj7JDuXrV
Pink Siifu,yes,2,0,3,0.0,spotify:artist:40ZElxHldNyvn7x8WRC6fh
Pip Millett,yes,0,0,2,0.1,spotify:artist:1QfEfvB62EEl4upf2ANKkR
Potatohead People,yes,1,0,0,0.0,spotify:artist:2lmWYYMM80tsoDES4aUB1m
Priyaji,yes,1,0,2,0.0,spotify:artist:0FYdSqXI9CGwtfw3Ej0x8n
Raveena,yes,1,0,0,0.0,spotify:artist:2kQnsbKnIiMahOetwlfcaS
Ray Charles,yes,0,0,0,0.0,spotify:artist:1eYhYunlNJlDoQhtYBvPsi
Reuben Vaun Smith,yes,1,0,1,0.1,spotify:artist:2moJAoZqWQ7Q568tptPn0P
Rico Nasty,yes,0,0,7,0.1,spotify:artist:2OaHYHb2XcFPvqL3VsyPzU
Robohands,yes,0,0,4,0.1,spotify:artist:5qRtt9DQNy64ig66kCWFjX
Sainté,yes,0,0,0,0.0,spotify:artist:3DEdNjxF3ea9taOMCXouZ6
Sandunes,,1,0,5,0.1,
SBTRKT & Sampha,,1,0,0,0.0,
Science Of Sound,yes,1,0,0,0.0,spotify:artist:2WyJSpGIkFE2DWLqQ4NoLr
SGJAZZ,,1,0,0,0.0,
Shakira Alleyne,yes,0,0,0,0.0,spotify:artist:5fbeaLZOqwzPc62K3qm3Dd
Shire T,,1,0,0,0.0,
SIMMY,yes,0,0,0,0.0,spotify:artist:527kNlxgOHUAZ1YOonXDJd
Space Ghost,yes,0,0,2,0.0,spotify:artist:3YfpfN9dOwJUoeqXoWazgi
Squid,yes,0,0,0,0.0,spotify:artist:685XjGzGztyivfR3fAjoxo
Stimulator Jones,,1,0,1,0.1,
Stormzy,,1,0,0,0.0,
Studio Barnhus,yes,2,0,0,0.0,spotify:artist:3BQyyXUJs39bwh0o4W2Pvs
Summer Pearl,yes,0,0,1,0.0,spotify:artist:1Fqy9pwn3ND0gLQS0IyJNL
Summers Sons,yes,3,0,19,0.8,spotify:artist:6dX4na3KWr3yMTLU4l1W7z
tajima hal,yes,0,0,1,0.0,spotify:artist:5SuPIkCZe2U5TZCqYX4mcI
Tariq Disu,yes,0,0,4,0.1,spotify:artist:5Uf71UfGB3UG36VNqS33oP
Teebs,yes,1,0,3,0.1,spotify:artist:2L2unNFaPbDxjg3NqzpqhJ
Tems,yes,2,0,3,0.2,spotify:artist:687cZJR45JO7jhk1LHIbgq
Tereza,yes,0,0,0,0.0,spotify:artist:6EM67tUZ2CSbUVmZyK4YjC
The Game,,1,0,0,0.0,
The Silhouettes Project,yes,0,0,18,0.8,spotify:artist:3CJEpzlVzfyLTpKJlpKdHw
Till Apes,yes,1,0,0,0.0,spotify:artist:7qzkGpR5qvkIVPXN5UwvVZ
Tommy Guerrero,,1,0,0,0.0,
Tutankhamun,yes,0,0,2,0.1,spotify:artist:6iqqrYdwxJzmxSz9ZJ72CH
Various Artists,,10,0,0,0.0,
VIC MENSA,,1,0,0,0.0,
Vince Staples,yes,0,0,2,0.1,spotify:artist:68kEuyFKyqrdQQLLsmiatm
XXXTENTACION,yes,1,0,0,0.0,spotify:artist:15UsOTVnJzReFVN1VCnxy4
Young Franco,,1,0,0,0.0,
Yu Su,yes,0,0,1,0.0,spotify:artist:69zPIMRgsZieOHFtHtvnj0
||||||||||||||||||||,yes,0,0,44,3.1,spotify:artist:2i9OpWjVeuDPilnZ0mgM1L
